SMILES,Label
N(C#N)=C(NC)NCCSCC1=C([NH]C=N1)C,0
[C@H]12C[C@H](C[C@@H]3N1CC(C(C2)C3)=O)OC(C4=C[NH]C5=C4C=CC=C5)=O,1
C1(=C(C(=C(I)C(=C1I)C(NCC(O)CO)=O)C(=O)NCCO)I)N(C(=O)C)CC(O)CO,0
C1(=CC=C(Cl)C=C1Cl)C(C[N]2C=NC=C2)OCC3=CC=C(Cl)C=C3,0
C1=CC3=C2C(=C1)[N](C=C2C[C@@H]4C3=C[C@@H](C(N[C@H](CO)CC)=O)CN4C)C,1
C(=O)([C@@H](N)CCSC)O,0
N1=C(C(=CNC1=O)F)N,0
O(C1=C(OC)C=C2C(=C1)[C@H](C2)CN(CCCN4C(=O)CC3=CC(=C(OC)C=C3CC4)OC)C)C,0
C3=CC=C2SC1=CC=C(C=C1N(C2=C3)CCCN4CCN(CC4)CCO)Cl,1
C1CC(C(C)C)C(CC1C)O,0
ClC1=C(C=CC=C1)C(C2=CC=CC=C2)(C3=CC=CC=C3)[N]4C=CN=C4,0
S1[C@H]2N([C@H](C1(C)C)C(=O)O)C(=O)[C@H]2NC(=O)[C@H](NC(=O)[C@H](N)CC(=O)NC)C3=CC=C(O)C=C3,0
[C@@]12([C@H]([C@H](N(C)C)C(=C(C1=O)C(=O)N)O)[C@@H](O)[C@H]3C(=C2O)C(C4=C([C@@H]3C)C=CC=C4O)=O)O,0
O(C3=CC2=C(C1N(CC(C(=O)C1)CC(C)C)CC2)C=C3OC)C,1
N1(C(CC(=O)N(C2=C1C=C(C=C2)Cl)C)=O)C3=CC=CC=C3,1
O3[C@@H](O[C@@H]1[C@@H](NC(=N)N)[C@H](O)[C@@H](NC(=N)N)[C@H](O)[C@H]1O)[C@H](O[C@@H]2O[C@H]([C@H](O)[C@@H](O)[C@@H]2NC)CO)[C@](O)([C@@H]3C)C=O,0
N2(C1=C(C=CC=C1)SC3=C2C=CC=C3)CC4CN(C)CC4,1
N(C(SSC(N(CC)CC)=S)=S)(CC)CC,1
N2=C(C1=CC=C(C=C1O2)F)C3CCN(CC3)CCCOC4=CC=C(C(=O)C)C=C4OC,1
N13C(=CC2=C(C1=O)COC([C@]2(O)CC)=O)C4=C(C3)C(=C5C(=N4)C=CC(=C5)OC(N7CCC(N6CCCCC6)CC7)=O)CC,0
C24=C(SC1=CC=CC=C1N2CCCN3CCC(CCO)CC3)C=CC(=C4)[S](N(C)C)(=O)=O,1
[N]12N=CC=CC1=NC=C2C#CC3=C(C=CC(=C3)C(=O)NC4=CC(=C(C=C4)CN5CCN(CC5)C)C(F)(F)F)C,0
[S](=O)(=O)(OCCCCO[S](=O)(=O)C)C,0
C12=CC3=C(C(=C1OC(C=C2)=O)OC)OC=C3,0
C(C1=CC(=CC=C1)C(C(O)=O)C)(=O)C2=CC=CC=C2,1
O(C3=CC=C(C2(C1=CC=C(OC(C(=O)O)(CC)C)C=C1)CCCCC2)C=C3)C(C(=O)O)(CC)C,0
O[C@@]14[C@@H]([C@@H](O)[C@H]2C(=C1O)C(=O)C3=C([C@]2(O)C)C=CC=C3O)[C@H](N(C)C)C(=C(C4=O)C(=O)N)O,0
C1(C3=C(C=CC2=C1C=CC=C2)C=CC=C3)=C4CCN(CC4)C,1
CC(C)C[C@@H]3CN2CCC1=CC(=C(C=C1[C@H]2C[C@H]3O)OC)OCCC[18F],0
C1=C3C(=CC2=C1OCO2)C(=O)C(=NN3CC)C(O)=O,0
C1(=NC(C(=O)NC2=CC=C(C=C12)Cl)O)C3=CC=CC=C3Cl,1
O[C@@]3(C#C)CC[C@H]4[C@@H]2CCC1=CC(CC[C@@H]1[C@H]2CC[C@]34CC)=O,0
C4=C3C1=C2C(=CC=C1)[NH]C=C2C[C@H]3N(C)C[C@@H]4C(=O)N[C@@]8(C)C(=O)N7[C@@H](CC5=CC=CC=C5)C(=O)N6CCC[C@H]6[C@]7(O)O8,1
C(CN1CC(N(C(C1)=O)COC(=O)OCC(C)C)=O)N2CC(N(C(C2)=O)COC(=O)OCC(C)C)=O,0
C(C1=CC=CC=C1)C(N)C,1
[S](NC1CN(CCC)C3C(C1)CC2=C(C=CC=C2O)C3)(N(CC)CC)(=O)=O,1
OC(C1=CC(=CC(=C1)O)O)CNC(C)(C)C,0
N34[C@@H]([C@H](NC([C@H](NC(N1C(NCC1)=O)=O)C2=CC=CC=C2)=O)C3=O)SC([C@@H]4C(O)=O)(C)C,0
N1([C@@H](C[C@H]2[C@@H]1CCCC2)C(=O)O)C([C@@H](N[C@H](C(=O)OCC)CCC)C)=O,0
C1=CC=C(C=C1)\C(=C(\C2=CC=CC=C2)C3=CC=C(C=C3)OCCN(CC)CC)Cl,0
N(C(C(N(CC)CCC)CC)=O)C1=C(C=CC=C1C)C,0
[S](=O)(=O)(CCC3=CC1=C([NH]C=C1C[C@@H]2N(CCC2)C)C=C3)C4=CC=CC=C4,1
N24C(C1=C(C=CC=C1)CC3=CC=CN=C23)CN(CC4)C,1
C(O)(=O)CCCO,1
C1CCCCC1NC(N(CCCl)N=O)=O,0
N1([C@@H](C[C@@H]2[C@@H]1CCCC2)C(=O)O)C([C@@H](N[C@H](C(=O)OCC)CCC3=CC=CC=C3)C)=O,0
C13=C(CC(CC1)=O)CC[C@H]4[C@@H]2CC[C@]([C@]2(CC[C@H]34)C)(C#C)O,0
CN(C)[C@H]4[C@@H]3[C@@H](O)[C@@H]2C(=C)C1=C(Cl)C=CC(=C1C(=O)C2=C(O)[C@]3(O)C(=O)C(=C4O)C(=O)N)O,0
[C@@H]17O[C@H]2[C@H](CC1)O[C@@H]4[C@@H]3[C@H]2O[C@]5(C[C@@H](O3)[C@@H]4O5)CC[C@H]9CC([C@H](CC[C@@H]8O[C@H](C[C@@H]6O[C@@H]([C@@H]([C@H]6CC(C7)=O)OC)C[C@@H](CN)O)C([C@@H](C8)C)=C)O9)=C,0
[C@]135[C@@H]4[C@@H](CC2=C1C(=C(OC)C=C2)O[C@H]3[C@H](C=C4)O)N(CC5)C,1
C1(=CC(=CN(C1=O)C2=CC=CC=C2)C3=NC=CC=C3)C4=CC=CC=C4C#N,0
N1=C3C(=C(N)C2=CC=CC=C12)CCCC3,1
N(C(=O)N[S](=O)(=O)C1=CC=C(C=C1)C)N2CCCCCC2,0
C(=O)(O)CCCC[C@@H]1SC[C@@H]2NC(=O)N[C@H]12,0
OC(C1=CC=C(O)C(=N1)CO)CNC(C)(C)C,0
[C@@]1(C(=O)N2[C@@H]1SCC(=C2C(O)=O)COC(=O)N)(NC(CC3=CC=CS3)=O)OC,0
C1=CN(C(=S)N1C)C(OCC)=O,0
C1C3CC2CC1CC(C2)(C3)N,1
N1C(C(C(CCC)C)(CC=C)C(NC1=O)=O)=O,1
[S-][P+](N1CC1)(N2CC2)N3CC3,0
C12=C([NH]C=C1CCN(C)C)C=CC(=C2)C[N]3C=NC=N3,1
O=C1N=C(NC2=C1C(=C[NH]2)CCC3=CC=C(C(=O)N[C@H](C(O)=O)CCC(O)=O)C=C3)N,0
NC(CN1C(CCC1)=O)=O,1
C1(=C(C=C(C=C1C)C#N)C)OC2=C(C(=NC(=N2)NC3=CC=C(C=C3)C#N)N)Br,0
O=C(NCC1=CC=C(C(NO)=N)C=C1)[C@H]3N(C(=O)[C@H](NCC(=O)OCC)C2CCCCC2)CC3,0
SC([C@@H](N)C(=O)O)(C)C,0
C1=CC=C(C(=C1)OCC=C)OCC(CNC(C)C)O,1
C14=CC(=O)CC[C@@]1([C@@H]3[C@H]([C@@H]2CC[C@]([C@]2(CC3)C)(OC(=O)C)C(=O)C)C=C4C)C,0
[N+](CCOC(=O)C)(C)(C)C,0
[C@@]123C([C@@H](C=C([C@H]([C@@]1([C@H](C(=C2)C)OC(\C(=C/C)C)=O)O)O)CO)[C@H]4[C@@H](C[C@H]3C)C4(C)C)=O,0
C1(=CC2=C(C=C1)[C@@H]3C(=CC2)[C@H]4[C@](CC3)(C(CC4)=O)C)O,0
[C@H]1(C(N)=O)[C@@H](C(=O)CC\C=C\C\C=C\C)O1,0
C2=C(NC(=O)NC1=CC=C(C(=C1)C(F)(F)F)Cl)C=CC(=C2)OC3=CC=NC(=C3)C(NC)=O,0
[C@@H]1([C@@H]([C@@H](N(C)C)C[C@H](O1)C)O)O[C@@H]2[C@H]([C@@H]([C@H](C(O[C@H](CC)[C@]([C@@H]([C@H](C([C@@H](C[C@]2(O)C)C)=O)C)O)(O)C)=O)C)O[C@H]3C[C@](OC)(C)[C@H]([C@@H](O3)C)O)C,0
[C@H]([C@@H]([C@H](O)CO)O)([C@H](O)CO)O,0
C(C(C1=CC=C(C=C1)CC(C)C)C)(O)=O,1
CC1=NC3=C([NH]1)C2=CC=CC=C2N(CC3)C(=O)C6=CC=C(NC(=O)C4=CC=CC=C4C5=CC=CC=C5)C=C6,0
C\1(CC[C@@H](CC1=C/C=C3/[C@@H]2CC[C@@H]([C@]2(CCC3)C)[C@H](C)CCCC(O)(C)C)O)=C,0
N3(CC2=CC=C(CN1CCNCCCNCCNCCC1)C=C2)CCNCCCNCCNCCC3,0
C1[C@@H]4[C@@](C)([C@H]3[C@](C1)([C@]2(C[C@@H](\C([C@@H]2C[C@H]3O)=C(/C(O)=O)CCC=C(C)C)OC(C)=O)C)C)CC[C@@H](O)[C@H]4C,0
OC[C@@H]1[C@@H](O)C[C@@H](O1)N2C(=O)NC(=O)C(=C2)F,0
C1(CCC2=C(N1)C=CC(=C2)N3CCN(CC3)C(=O)C4=CC(=C(C=C4)OC)OC)=O,0
C1=C[N+](=CC=C1)CC(NCCOC(CCCCCCCCCCC)=O)=O,0
N1(C=CC(=NC1=O)N)C[C@@H](CO)OC[P+](O)(O)[O-],0
S3[C@H]1N(C(=O)[C@H]1NC(=O)\C(=N/OC)C2=CSC(=N2)N)C(=C(C3)CSC4=NC(=C(S4)CC(O)=O)C)C(O)=O,0
N2=C(N=C1N=CC(=NC1=C2N)CC(C3=CC=C(C(N[C@H](C(=O)O)CCC(=O)O)=O)C=C3)CC#C)N,0
C14=C(C3=C(C1C2=CC=CC=C2)C=CC=C3)CCN(C4)C,1
C1(=CN(C2=C(C1=O)C(=C(F)C(=C2)N3CC(C)NCC3)C)C4CC4)C(=O)O,0
C1=C(C(=C(C(C)C)C=C1)O)C(C)C,0
C12=C(N=CN=C1O)[NH]N=C2,0
C12=CC(=CC=C1C(C)(C)CCC2(C)C)NC(C3=CC=C(C(=O)O)C=C3)=O,0
C12=C(C=CC1)C=CC=C2OCC3OCCNC3,1
N2(C1=C(C=CC(=C1)Cl)SC3=C2C=CC=C3)CCCN(C)C,1
NCC=C.ClCC1OC1,0
C1=CC=C3C(=C1)C(=O)N(C2C(NC(CC2)=O)=O)C3=O,1
OC1=CC(=CC=C1)C2(CN(CCCC2)C)CC,1
C1(=NC2=C([NH]1)C=CC(=C2)[N]3C=CC=C3)[S+](CC4=C(C(=CC=N4)OC)C)[O-],0
[N]12C(=C(C(=O)N)N=C1)N=NN(C2=O)C,0
[S](C1=CC(=CC(=C1OC2=CC=CC=C2)NCCCC)C(=O)O)(=O)(=O)N,0
[C@@H]12[C@H](C(N1C(=C(C2)SCCNC=N)C(O)=O)=O)[C@@H](C)O,0
CC[C@@H]([C@H](C)O)N7N=CN(C1=CC=C(C=C1)N2CCN(CC2)C3=CC=C(C=C3)OC[C@H]6C[C@@](C4=C(F)C=C(F)C=C4)(C[N]5C=NC=N5)OC6)C7=O,0
C13=C(NC(=NC1=O)N)NCC(CNC2=CC=C(C=C2)C(=O)N[C@H](C(=O)O)CCC(=O)O)N3,0
N4([C@H]2[C@H]1SC(C)(C)[C@@H](N1C2=O)C(O)=O)C([C@@H](C3=CC=CC=C3)NC4(C)C)=O,0
C23=NC1=C(C(=C(C=C1)Cl)Cl)CN2CC(N3)=O,0
C1=C(C=C(O)C2=C1OC([C@H]3[C@H]2C=C(CC3)C)(C)C)CCCCC,1
N2(C1=C(C=CC(=C1)Cl)SC3=C2C=CC=C3)CCCN4CCN(CC4)CCOC(=O)C,1
C2(=NC1=CC=CC=C1[N]2CCOCC)C3CCN(CC3)CCC4=CC=C(C(C(=O)O)(C)C)C=C4,0
N2(C(C(C1=CC=CC=C1)CC2=O)=O)C,1
C1([C@H](O)[C@@H](O)[C@H](O)[C@H](O1)CO)=O,0
N2=C(C1=C(C=C(C(=C1)OC)OC)N=C2N(CCCNC(C3OCCC3)=O)C)N,0
N1=C(SC=C1CN(C(N[C@H](C(N[C@H](C[C@@H]([C@@H](NC(=O)OCC2=CN=CS2)CC3=CC=CC=C3)O)CC4=CC=CC=C4)=O)C(C)C)=O)C)C(C)C,0
C1(=NSN=C1OC[C@H](CNC(C)(C)C)O)N2CCOCC2.C3(=NSN=C3OC[C@H](CNC(C)(C)C)O)N4CCOCC4,0
C2(N(C1=CC=CC=C1N2)C3CCN(CC3)CCCC(C4=CC=C(C=C4)F)C5=CC=C(F)C=C5)=O,1
CC2=C(OC1=C(C=CC=C1C2=O)C(=O)OCCN3CCCCC3)C4=CC=CC=C4,0
N(C1(CCN(CC1)CCC2=CC=CS2)COC)(C(=O)CC)C3=CC=CC=C3,1
C2CC1=CC(=CC(=C1C(C3=CC=CC=C23)[N]4C=CN=C4)Cl)Cl,0
C1[C@H](CCO1)OC(N[C@H]([C@@H](CN(CC(C)C)[S](C2=CC=C(C=C2)N)(=O)=O)O)CC3=CC=CC=C3)=O,0
[P+](O)(O)([O-])[C@H]1O[C@H]1C,0
N1=C(N=C(N=C1N(C)C)N(C)C)N(C)C,0
C2=CN=C1[C@@H](N(C(=O)C1=N2)C3=NC=C(C=C3)Cl)OC(N4CCN(CC4)C)=O,1
[S](=O)(=O)(N)C1=CC(=C(C(=C1)[S](N)(=O)=O)Cl)Cl,0
SC1=NC(=NC2=C1N=C[NH]2)N,0
C1=C(NCCCC)C=CC(=C1)C(OCCN(C)C)=O,0
O=C(N1[C@@H](CCC1)C(=O)N)[C@@H](NC(=O)[C@H]2NC(=O)N(C(=O)C2)C)CC3=CN=C[NH]3,1
[S](=O)(=O)(O)C1=C(C=C3C(=C1)[C@@]2([C@H]([C@@](CCC2)(C(O)=O)C)CC3)C)C(C)C,0
[C@@]34(C(=C2C(C1=C(O)C=CC=C1[C@]([C@H]2C[C@H]3[C@@H](C(=C(C4=O)C(=O)N)O)N(C)C)(O)C)=O)O)O,0
C1(=C[NH]C2=C1C=CC=C2)C[C@@H](C(N[C@H](C(N[C@H](C(N[C@H](C(=O)N)CC3=CC=CC=C3)=O)CC(=O)O)=O)CCSC)=O)NC(CCNC(OC(C)(C)C)=O)=O,0
O1C2[C@@H]4N([C@H](C12)C[C@H](OC(=O)[C@@H](C3=CC=CC=C3)CO)C4)C,1
C(C1=C([N+]([O-])=O)C=C(C(F)(F)F)C=C1)(C2C(=O)CCCC2=O)=O,0
N[C@@H]1CCCC[C@H]1N,0
C(OC(N)=O)C(COC(=O)N)(C)CCC,1
[S](=O)(=O)(NC1=NC(=CC(=N1)C)C)C2=CC=C(N)C=C2,0
C(#CC(C)(C)C)\C=C\CN(CC1=C2C(=CC=C1)C=CC=C2)C,0
C(N(C1=CC=C(C=C1)O)C)(C(Cl)Cl)=O,0
C2(=C4C(=C(\C=N/NC1=NCCN1)C3=C2C=CC=C3)C=CC=C4)\C=N/NC5=NCCN5,0
C2(=CC=C1C=C(OC)C=CC1=C2)[C@@H](C(O)=O)C,1
C1=NC=C2C(=C1)C(=CC=C2)[S](N3CCNCCC3)(=O)=O,0
S2C1=CC(=CC=C1N=C2N)OC(F)(F)F,1
C1(=C(C(=C(C(=C1I)N(C(=O)C)C)I)NC(=O)C)I)C(N[C@@H]2[C@H]([C@@H]([C@@H](CO)O[C@@H]2O)O)O)=O,0
C1=CN=CC(=N1)C(N)=O,0
C1(=CC=C(C=C1)OC)O,0
O=C(O)C1=CC=CN=C1,0
C1CCC(=C(C1(C)C)\C=C\C(=C/C=C/C(=C/C(O)=O)C)C)C,0
C1(=CN=C([N]1CCO)C)[N+]([O-])=O,0
S1C3=C(C(=O)C2=C1C=CC=C2)C(=CC=C3C)NCCN(CC)CC,0
C(=O)(C1=CC=NC=C1)NN,0
N3(C(C(Cl)Cl)=O)C2=C(C=C(OC(C1=CC=CO1)=O)C=C2)CCC3,0
C(=C(/C1=CC=CC=C1)CCCl)(/C2=CC=C(C=C2)OCCN(C)C)C3=CC=CC=C3,0
N1C(\C(NC([C@H](NC(=O)[C@H](CC(C[C@H](OC([C@@H]1C(C)C)=O)\C=C\CCS)=O)C(C)C)CS)=O)=C\C)=O,0
[C]2(C1=C(C=CC=C1)[C](C3=C2C=CC=C3)(C)C)=[CH]CCN(C)C,1
C2=C1CC[C@@H]3C(=C1CCC2=O)CC[C@@]4([C@@](CC[C@@H]34)(CC#N)O)C,0
C12(OC(CNC(=N)N)CO1)CCCCC2,0
N12[C@H](SC([C@@H]1C(=O)O)(C)C)[C@@H](C2=O)NC(=O)COC3=CC=CC=C3,0
[S](NC1=NOC(=C1)C)(C2=CC=C(C=C2)N)(=O)=O,0
N12CN3CN(C1)CN(C2)C3,0
[S](=O)(=O)(N1CCN(CC1)CC)C2=CC=C(OCC)C(=C2)C4=NC(=O)C3=C(N=C([N]3N4)CCC)C,0
C(\C(C1=CC=C(C=C1)O)=C\C)(C2=CC=C(O)C=C2)=C/C,0
N1C(C(C(CCC)C)(CC)C(NC1=O)=O)=O,1
N1(C(NC(C1=O)(C)C)=O)C2=CC=C([N+]([O-])=O)C(=C2)C(F)(F)F,0
C1(=C(C(=CC(=C1)C(C2=CC=C(C=C2)C)=O)[N+]([O-])=O)O)O,1
C(C(C1=CC=CC=C1)CO)(N(CC2=CC=NC=C2)CC)=O,0
C2(=C(N=C1CCCCN1C2=O)C)CCN5CCC(C3=NOC4=C3C=CC(=C4)F)CC5,1
N1=C(C=CC=C1)CCNC,1
C24=C(C[C@H]([C@H]3[C@@H]1CC[C@]([C@]1(CC[C@H]23)C)(C#C)O)C)CC(CC4)=O,0
O2C1=CC(=CC=C1OC2)\C=C\C(O)C(C)(C)C,1
C1=CC(=CN(C1=O)C2=CC=CC=C2)C,0
NC1=CC(=NC(=[N+]1[O-])N)N2CCCCC2,0
C3[C@@H]9C[C@@H]([C@@H]4N(CCC2C1=CC(=C(C=C1NC2[C@]34C(OC)=O)[C@@H]7C6=C(C5=CC=CC=C5[NH]6)CC([C@H](C8[C@H](C7)\C(=C/C)C8)C(OC)=O)NC)OC)C9)CC,0
[C@]14([C@@](C(COC(=O)C)=O)(CC[C@H]1[C@@H]3CCC2=CC(CC[C@@]2([C@H]3[C@H](C4)O)C)=O)OC(=O)CC)C,0
ClC1=CC=CC(=C1C2=NOC(=C2C(=O)N[C@H]4[C@H]3SC([C@@H](N3C4=O)C(O)=O)(C)C)C)F,0
C56(C3=NC(=CC1=C(C(=C([NH]1)C=C2C(=C(C(=N2)C=C4[NH]C(=C3)C(=C4CCC(=O)O)C)CCC(=O)OC)C)C=C)C)C5=CC=C(C6C(=O)OC)C(=O)OC)C.C%11%12(C9=NC(=CC7=C(C(=C([NH]7)C=C8C(=C(C(=N8)C=C%10[NH]C(=C9)C(=C%10CCC(OC)=O)C)CCC(=O)O)C)C=C)C)C%11=CC=C(C%12C(=O)OC)C(=O)OC)C,0
[P](OC[C@@H](O)[C@@H](O)[C@@H](O)CN2C1=NC(=O)NC(=O)C1=NC3=C2C=C(C(=C3)C)C)(O)(=O)O,0
C1=CC(=CC=C1O)O,0
C(/C1=C(C=C(C=C1)Cl)Cl)(C[N]2C=NC=C2)=N\OCC3=CC=C(Cl)C=C3Cl,0
C1(N(C2=C(N1)C=CC=C2)C3CCN(CC3)CCCC(C4=CC=C(C=C4)F)=O)=O,1
[C@@]13(N(C2=C([C@H]1COC(=O)N)C(C(=C(C2=O)C)N)=O)C[C@H]4[C@@H]3N4)OC,0
[N]1(C(=C(CC(=O)O)C2=C1C=CC(=C2)OC)C)C(C3=CC=C(C=C3)Cl)=O,1
N12C(=O)[C@H]([C@H]1SCC(=C2C(=O)O)C)NC([C@@H](C3=CCC=CC3)N)=O,0
C1(=CC=C(C=C1F)F)C(O)(C[N]2N=CN=C2)C[N]3N=CN=C3,0
N1C(SC(C1=O)CC2=CC=C(C=C2)OCCC3=CC=C(C=N3)CC)=O,0
N2([C@H]([C@H](C1=CC=CC=C1)OCC2)C)C,1
O[C@@H]1[C@H](N(C[C@H](O)[C@H]1O)CCCC)CO,1
C(C(C1=CN=CC=C1)(C)C)(C2=CN=CC=C2)=O,0
O(N=O)CCC(C)C,0
C1=CC=C(C=C1)C([S+](CC(N)=O)[O-])C2=CC=CC=C2,1
C12=C5C(=CC=C1C[C@@H]4[C@@H]3CCC([C@@H]([C@]23CCN4C)O5)=O)O,1
C1(=C(O)C(=CC(=C1)\C=C(\C(N(CC)CC)=O)C#N)[N+]([O-])=O)O,1
N2(CCC(N(C(=O)CC)C1=CC=CC=C1)CC2)CCC3=CC=CC=C3,1
S3[C@H]1N(C(=O)[C@H]1NC(=O)[C@H](O)C2=CC=CC=C2)C(=C(C3)CSC4=NN=N[N]4C)C(O)=O,0
C1(=CSC(=N1)C(C)C)CN(C(N[C@H](C(N[C@H](CC[C@@H](NC(OCC2=CN=CS2)=O)CC3=CC=CC=C3)CC4=CC=CC=C4)=O)CCN5CCOCC5)=O)C,0
C1(=C(C3=C(OC1=O)C(=C(O[C@H]2[C@@H]([C@H](OC(=O)N)[C@H](C(O2)(C)C)OC)O)C=C3)C)O)NC(C4=CC(=C(C=C4)O)CC=C(C)C)=O,0
OCCC1=C([N+](=CS1)CC2=C(N)N=C(N=C2)C)C,0
C1=CC(=CC(=C1OC)OC)CCO[C@@H]2CCCC[C@H]2N3CC[C@H](C3)O,0
N3(C(C1=CC=CC=C1)C2=CC=CC=C2)CCN(CC3)C,1
[C@]34([C@H]([C@H]2[C@@H](C1=CC=C(C=C1CC2)OC(=O)C)CC3)CC[C@@H]4O)C,0
C1(=CC=CC(=C1Cl)N4CCN(CCCCOC2=CC=C3C(=C2)NC(CC3)=O)CC4)Cl,1
C2(=NC1=CC(=CC=C1[NH]2)OC)[S+](CC3=NC=C(C)C(=C3C)OC)[O-],0
N1(C3=C(CCC2=C1C=CC=C2)C=CC=C3)CCCN4CCC(CC4)(N5CCCCC5)C(=O)N,1
C45(C(N(CC1=CC=C(C=C1)C2=CC=CC=C2C3=NN=N[NH]3)C(=N4)CCCC)=O)CCCC5,0
N(C(=O)NCCCl)(N=O)CCCl,0
N1([C@H](C[C@@H](CC1)C)C(=O)O)C([C@@H](N[S](=O)(=O)C2=CC=CC3=C2NCC(C3)C)CCCNC(=N)N)=O,0
[N+]1(=C(C=NO)C=CC=C1)C,0
C1=C(C=CC(=C1)CNC2=NC(=C(C=C2)NC(OCC)=O)N)F,1
N\1N=CC2=C(C1=N/N)C=CC=C2,0
C(C1=CC=C(N)C(=C1)OCCCC)(=O)OCCN(CC)CC,0
C1COCCN1CCCOC2=C(C=C3C(=C2)C(=NC=N3)NC4=CC(=C(F)C=C4)Cl)OC,0
C2(C(=O)OCCN(CC)CC)(C1CCCCC1)CCCCC2,0
[N+]2(=C(C1=C(C=CC(=C1)Cl)N=C(C2)NC)C3=CC=CC=C3)[O-],1
[P@@+](OC[C@H]2O[C@@H](N1C=CC(=O)NC1=O)[C@@](F)(C)[C@@H]2O)(OC3=CC=CC=C3)([O-])N[C@H](C(=O)OC(C)C)C,0
C1(C[C@@H](O)[C@@H]([C@H]1CCCCCCC(=O)OC)\C=C\CC(O)(CCCC)C)=O,1
C1(=C2C(=NC(=C1)OCCCC)C=CC=C2)C(=O)NCCN(CC)CC,0
C(C1=C(Cl)C=CC=C1)(C(Cl)Cl)C2=CC=C(Cl)C=C2,0
CC[C@@H]1[C@@]([C@@H]([C@H](C(=O)[C@@H](C[C@@]([C@@H]([C@H]([C@@H]([C@H](C(=O)O1)C)O[C@H]2C[C@@]([C@H]([C@@H](O2)C)O)(C)OC)C)O[C@H]3[C@@H]([C@H](C[C@H](O3)C)N(C)C)OC(=O)C)(C)O)C)C)O)(C)O,0
FC(F)(F)C1=CC(=CC=C1)NC2=C(C(OCCOCCO)=O)C=CC=C2,0
C1(=C3C(=NC2=CC(=CC=C12)Cl)C=CC(=C3)OC)NC(CCCN(CC)CC)C,0
O[C@@H]2[C@@H](F)[C@@H](N1C(NC(C(=C1)C)=O)=O)O[C@H]2CO,0
CC(C)(C)C3=CC(=C(NC(=O)C2=CNC1=CC=CC=C1C2=O)C=C3O)C(C)(C)C,0
C13=C(N(C(=O)CN=C1C2=CCCCC2)C)C=CC(=C3)Cl,1
N12C(=O)[C@H]([C@H]1SCC(=C2C(O)=O)CSC3=NN=N[N]3C)NC([C@H](NC(N4C(C(N(CC)CC4)=O)=O)=O)C5=CC=C(C=C5)O)=O,0
N12C(=O)[C@H]([C@H]1SCC(=C2C(OC(OC(=O)C)C)=O)COC(=O)N)NC(\C(C3=CC=CO3)=N/OC)=O,0
N([C@H]2C1=CC=CC=C1CC2)CC#C,1
C1CN([C@H]([C@H](O1)O[C@@H](C2=CC(=CC(=C2)C(F)(F)F)C(F)(F)F)C)C3=CC=C(C=C3)F)CC4=NNC(N4)=O,1
C1=CN=CC(=C1)[C@H]2N(CCC2)C,1
C1(OCC1)=O,0
C1(=CC=C(CCNC)C=C1OC(C(C)C)=O)OC(C(C)C)=O,0
[N]1(C=NC=C1)C[C@@]2(O[C@@H](CO2)COC3=CC=C(C=C3)N4CCN(CC4)C(=O)C)C5=CC=C(C=C5Cl)Cl,0
OC2(CCN(CCC(=O)C1=CC=C(F)C=C1)CC2)C3=CC=C(Br)C=C3,1
C1(=CC[C@@]23[C@H]1[C@@H]4[C@@H](CC[C@@]2(O3)C)C(C(O4)=O)=C)C,0
S1C4=C(C(=NC2=C1C=CC=C2)N3CCN(CC3)C)C=C(C=C4)Cl,1
O1[C@H]3[C@H](O[C@@H]2O[C@@H](CC(=O)[C@]12O)C)[C@@H](O)[C@H](NC)[C@H](O)[C@@H]3NC,0
C12=C(C(=C(OC)C(=C1COC2=O)C)C\C=C(\CCC(=O)OCCN3CCOCC3)C)O,0
N1(CC(=O)NC(C1)=O)[C@H](CN2CC(NC(C2)=O)=O)C,0
[C@]34([C@H]([C@H]2[C@@H]([C@@]1(C(=CC(CC1)=O)CC2)C)CC3)CC[C@@H]4C(=O)CO)C,0
[N+](CCO)(C)(C)C,1
O(C1[C@@H]([C@@H]2N([C@H](C1)CC2)C)C(OC)=O)C(=O)C3=CC=CC=C3,1
[C@@H]1([C@@H]([C@H]([C@@H](C[C@@H]1N)N)O[C@@H]2[C@@H]([C@H]([C@](O)(C)CO2)NC)O)O)O[C@H]3O[C@@H](CC[C@H]3N)C(C)NC.[C@@H]5([C@@H]([C@@H](O[C@@H]4[C@@H]([C@@H](NC)[C@](CO4)(O)C)O)[C@@H](C[C@@H]5N)N)O)O[C@H]6O[C@H](C(C)N)CC[C@H]6N.[C@@H]8([C@@H]([C@@H](O[C@@H]7[C@@H]([C@@H](NC)[C@](CO7)(O)C)O)[C@@H](C[C@@H]8N)N)O)O[C@H]9O[C@H](CN)CC[C@H]9N,0
[P+]([O-])(SCC[N+](C)(C)C)(OCC)OCC,0
N1=C(SC=C1C2CCC2)\C=C\C3=CC=CC(=C3)NC(CC(C(=O)O)(CC)CC)=O,0
CC[C@@H](CO)NCCN[C@@H](CC)CO,0
N2(C(NC1=C(C=C([S](N)(=O)=O)C(=C1)Cl)C2=O)C)C3=CC=CC=C3C,0
C1(N(N(C)C(=C1)C)C2=CC=CC=C2)=O,0
C1(=C(N=C(N=N1)N)N)C2=C(C(=CC=C2)Cl)Cl,1
O1NC([C@@H](C1)N)=O,0
C1(=C(C=C(OCC)C(=C1)C(NC2CCN(CC2)CC3CC=CCC3)=O)N)[N+]([O-])=O,0
C1(=C(OCC[N+](CC)(CC)CC)C=CC=C1OCC[N+](CC)(CC)CC)OCC[N+](CC)(CC)CC,0
[C@@H]24[C@H](C1=C(C=CC=C1)OC3=CC=C(C=C23)Cl)CN(C4)C,1
N1=C(C=C[NH]1)CCN,0
[C@@]2(C(N3C(=C(CSC1=NN=N[N]1C)CO[C@H]23)C(O)=O)=O)(NC(C(C(O)=O)C4=CC=C(C=C4)O)=O)OC,0
N34C(=C(S[C@H]2C[C@@H](C(NC1=CC(=CC=C1)C(O)=O)=O)NC2)[C@@H]([C@@H]3[C@@H]([C@H](O)C)C4=O)C)C(=O)O,0
C1=C(C(=C(C2=C1C(CNCC2)C3=CC=C(C=C3)O)Cl)O)O,0
C(O)(=O)CN(CC(O)=O)CCN(CC(O)=O)CC(O)=O,0
FC4=C(N1CC(NCC1)C)C(=C3N(C2CC2)C=C(C(=O)C3=C4)C(=O)O)OC.FC8=C(N5CC(NCC5)C)C(=C7N(C6CC6)C=C(C(=O)C7=C8)C(=O)O)OC,0
C1=C(C(=CC(=C1)NC(C2=C(C=C(C=C2)[S](C)(=O)=O)Cl)=O)C3=CC=CC=N3)Cl,0
O([C@@H]1C[C@H]2N([C@@H](C1)CC2)C)C(=O)C3=C[NH]C4=CC=CC=C34,1
[C@H]1([C@H](OC)[C@@H](COC(CCCCCCC)=O)O)[C@@H]([C@@H](NC(N)=N)C=C(C(=O)O)O1)NC(=O)C,0
C(CC1=CC=CC=C1)(=O)NC(N)=O,1
C13=C(C2=C([NH]1)C=CC=C2)CCN5[C@@H]3C[C@@H]4[C@@H]([C@@H](OC)[C@@H](C[C@@H]4C5)OC(C6=CC(=C(OC)C(=C6)OC)OC)=O)C(=O)OC,0
C(CCCC[C@H]1SSCC1)(=O)O,0
CCCC(=O)OCOC(C1=C(C)NC(=C(C1C2=C(C(=CC=C2)Cl)Cl)C(=O)OC)C)=O,0
C(CO)(CO)(CO)N,0
C(=O)(OCC(COC1=C(OC)C=CC=C1)O)N,1
C(O)C(O)CO,0
C13=C([NH]C2=C1C=C(C=C2)O)C(=C4C(=C3C)C=[N+](C)C=C4)C,0
C1(C(NC(=O)NC1=O)=O)(CCCC)CC,1
C1(C3=C(CCC2=C1C=CC=C2)C=CC=N3)=C4CCN(CC4)C,1
BrC1=C(OC)C(=C(OC)C=C1)C(=O)NC[C@H]2N(CCC2)CC,1
C3CC=C2CC[C@H]1[C@H]4[C@](CC(=C)[C@@H]1[C@H]2C3)([C@](CC4)(O)C#C)CC,0
N12[C@H](SC([C@@H]1C(O)=O)(C)C)[C@@H](C2=O)NC(C3=C(ON=C3C4=C(Cl)C=CC=C4Cl)C)=O,0
CCCC1=N[N](C)C4=C1N=C(C2=C(C=CC(=C2)[S](N3CCN(C)CC3)(=O)=O)OCC)NC4=O,0
N2=C1C=C(Cl)C=CC1=CC=C2\C=C\C3=CC(=CC=C3)[C@H](SCC4(CC4)CC(O)=O)CCC5=CC=CC=C5C(O)(C)C,0
C1=C(C=CC(=C1Cl)OC)CNC2=NC(=NC=C2C(NCC3=NC=CC=N3)=O)N4[C@@H](CCC4)CO,0
C1(=C(OC2=CC=CC=C12)CCCC)C(C3=CC(=C(C(=C3)I)OCCN(CC)CC)I)=O,0
FC1=CNC(=O)NC1=O,0
C12=C(O)C=CC=C1C[C@H](CC2)N(CCC3=CC=CS3)CCC,1
C1(=C(C)NC(=C(C(OCCOC)=O)C1C2=CC(=CC=C2)[N+](=O)[O-])C)C(OC(C)C)=O,1
N1=C3C(=C2C(=C1N)N=C[N]2CC(C)C)C=CC=C3,0
N(C(CCC=C(C)C)C)C,1
S1[C@H]2N([C@H](C1(C)C)C(OCOC(=O)C(C)(C)C)=O)C(=O)[C@H]2N=CN3CCCCCC3,0
FC2=CC=C(C(=O)CCCN1CCC(CC1)C)C=C2,1
C(CCN1CCCC1)(C2=CC=CC=C2)(C3CCCCC3)O,1
C1=CC=CC(=C1C3=NCC2=NN=C([N]2C4=C3C=C(S4)CC)C)Cl,1
N2(C1=C(C=CC=C1)SC3=CC=CC=C23)CC(N(C)C)C,1
C12=C(C(N=CN1)=S)[NH]C=N2,0
C1[C@H](CCC2=C1SC(=N2)N)NCCC,1
C([C@@H](NC(=O)OC)C(C)(C)C)(NN(C[C@@H]([C@@H](NC([C@@H](NC(=O)OC)C(C)(C)C)=O)CC1=CC=CC=C1)O)CC2=CC=C(C=C2)C3=NC=CC=C3)=O,0
O=[S](=O)(C1=CC=CC=C1C)NC(C2=CC(=C(C=C2)CC3=C[N](C4=C3C=C(C=C4)NC(OC5CCCC5)=O)C)OC)=O,0
N12[C@H](SC([C@@H]1C(O)=O)(C)C)[C@@H](C2=O)NC(C(C(OC4=CC3=C(CCC3)C=C4)=O)C5=CC=CC=C5)=O,0
C1(=C(C=CC(=C1)C(O)CNCCCCCCOCCCCC2=CC=CC=C2)O)CO,0
C1(=NC(=CC=N1)C2=CC=CN=C2)NC3=C(C=CC(=C3)NC(C5=CC=C(CN4CCN(CC4)C)C=C5)=O)C,0
C2(=NN=C(C1=CC=C(OC)C(=C1)OC)C3=C(C2CC)C=C(C(=C3)OC)OC)C,0
C3(=CC=C(C1=C(CC(O)=O)ON=C1C2=CC=C(C=C2)OC)C=C3)OC,0
N2(C1=C(C=CC=C1)SC3=CC=CC=C23)CC(N(CC)CC)C,1
C1=CC(=CC=C1C(C2=NC=CC=C2)CCN(C)C)Cl,1
C13=C4C=CC=C1C2=C[C@@H](CN([C@@H]2CC3=C[NH]4)C)NC(N(CC)CC)=O,1
[C@]12(C(=CC(=O)C=C1)[C@@H](C)C[C@@H]3[C@@H]2[C@H](C[C@@]4([C@](C(=O)CO)(O)CC[C@@H]34)C)O)C,1
CCC(CCCC)CNC(CC(C)O)=O,1
[N]1(C(=NC(=N1)C2=CC=CC=C2O)C3=C(C=CC=C3)O)C4=CC=C(C(=O)O)C=C4,0
[S](NC(=O)NCCCC)(C1=CC=C(C)C=C1)(=O)=O,0
[C@]13(C(=CC(CC1)=O)CC[C@H]4[C@@H]2CC[C@@H]([C@]2(CC[C@H]34)C)OC(=O)CCC5CCCC5)C,0
[S](N1CCCC1)(CC3=CC=C2[NH]C=C(C2=C3)CCN(C)C)(=O)=O,1
C1=CC=CC(=C1)CC[C@H](N[C@H](C(=O)N2[C@@H](C[C@H]3[C@@H]2CCC3)C(O)=O)C)C(=O)OCC,0
C1(=NC=CC(=C1)C(N)=S)CC,0
C1=C(C=C(C(=C1C)CC2=NCCN2)C)C(C)(C)C,0
C1(=C(C=CC=C1Cl)Cl)N=C2NCCN2,1
O(C1CC(CC(C1)C)(C)C)C(=O)C(O)C2=CC=CC=C2,0
C1=CC(=CC2=C1SCCC2(C)C)C#CC3=NC=C(C=C3)C(OCC)=O,0
C1(=CC(=CNC1=O)C2=CC=NC=C2)N,0
[N]1(C=NC=C1)C(C3=CC=C(C2=CC=CC=C2)C=C3)C4=CC=CC=C4,0
N[C@H](C(=O)O)CC1=CC(=C(C=C1)O)O,1
C12(N(C(=O)C=C(O1)C)CC(=O)N(C3=C2C=C(C=C3)Cl)C)C4=CC=CC=C4,1
N12[C@H](SC([C@@H]1C(O)=O)(C)C)[C@@H](C2=O)NC(C3=C(ON=C3C4=C(Cl)C=CC=C4)C)=O,0
C2=C[N]1N=C(C(=C1C=C2)C(=O)C(C)C)C(C)C,0
[N+](CCCCCCCCCC[N+](C)(C)C)(C)(C)C,0
N12C(=O)[C@H]([C@H]1CCC(=C2C(=O)O)Cl)NC([C@@H](C3=CC=CC=C3)N)=O,0
C2(=CN(C1=CC(=CC=C1C2=O)C3=CC=NC=C3)CC)C(=O)O,0
C1=CC=C5C(=C1)C(C3=C(C(=C2[C@H](C[C@@](CC2=C3O)(C(=O)C)N)O[C@@H]4OC[C@H]([C@H](C4)O)O)O)C5=O)=O,0
C(OOC(=O)C1=CC=CC=C1)(=O)C2=CC=CC=C2,0
C2(=NC1=CC(=CC=C1NC3=C2C=CC=C3)Cl)N4CCN(CC4)C,1
C1(C(=O)O)(CCN(CC1)CCC(C#N)(C2=CC=CC=C2)C3=CC=CC=C3)C4=CC=CC=C4,0
C2=CC=C1OC(C(=C(C1=C2)O)C(C3=CC=C(C=C3)[N+](=O)[O-])CC(=O)C)=O,0
C(C1=CC=CS1)(SC(C(NCC(=O)O)=O)C)=O,0
OC(=O)CCNC(=O)C1=CC=C(C=C1)N=NC2=CC=C(O)C(=C2)C(=O)O,0
S1C(=NC(=C1C(O)=O)C)C2=CC=C(C(=C2)C#N)OCC(C)C,0
CC(C)O,0
C1(=NOC(=C1)C)C(=O)NNCC2=CC=CC=C2,1
C1CC(=C(C(C1)(C)C)\C=C\C(C)=C\C=C\C(C)=C\CO)C,0
N1(C(NC(C(=C1)C)=O)=O)[C@@H]2O[C@H](CO)C=C2,0
C3(=C(C1=CC=C(N(C)C)C=C1)C2=CC=C(N(C)C)C=C2)C=CC(=[N+](C)C)C=C3,0
N2([C@@H]1[C@@H](C1)C[C@H]2C#N)C([C@H](C34CC5(CC(C3)CC(C4)C5)O)N)=O,0
C1(/C(OCC1)=O)=C(\NCCCC(NC2=C3C(=CC(=C2)OC)C=CC=N3)C)C,0
C13=C[NH]C2=CC=CC(=C12)[C@@H]4[C@@H](C3)N(C[C@H](CSC)C4)CCC,1
C(C(=O)OCCCC)(=O)NC1=CC=CC(=C1)C2=NN=N[NH]2,0
N1(C3=C(CCC2=CC=CC=C12)C=CC=C3)CC(CN(C)C)C,1
C(O)CCCCCCCCCCCCCCC,0
C1(=CC=C(Cl)C=C1Cl)C(C[N]2C=NC=C2)OCC3=C(C=C(C=C3)Cl)Cl,0
N1=CN(C(N=C1N)=O)[C@H]2C[C@@H]([C@H](O2)CO)O,0
C2(=CN(C1=C(C(=C(C=C1C2=O)F)N3CC(C)NCC3)F)CC)C(=O)O,0
N3([C@@H]4C[C@@H](OC(C1=CC=CC=C1)C2=CC=CC=C2)C[C@H]3CC4)C,1
[S]1(C([C@H](C(O)=O)N2[C@H]1CC2=O)(C)C)(=O)=O,0
C(F)(C(F)(F)C(F)(F)F)(F)F,0
NC(=O)CN1CC(O)CC1=O,1
OC(=O)CN(C)C(=N)N,0
C(C(CO[N+](=O)[O-])O[N+](=O)[O-])O[N+](=O)[O-],0
C1(=NCC(=O)NC2=CC=C([N+]([O-])=O)C=C12)C3=CC=CC=C3Cl,1
C1(=C(C2=C(OC1=O)C=CC=C2)O)C(CC(=O)C)C3=CC=CC=C3,0
C1(=NC(=C(\C=C\[C@H](C[C@H](CC(=O)O)O)O)C(=N1)C2=CC=C(C=C2)F)C(C)C)N([S](=O)(=O)C)C,0
C2=C(C[C@@H]1NC(OC1)=O)C=C3C(=C2)[NH]C=C3CCN(C)C,1
N1(C(=O)N)C3=C(C=CC2=C1C=CC=C2)C=CC=C3,1
N2CC(COC1=C(OCC)C=CC=C1)OCC2,1
C1(=NC=CC=N1)N(CC2=CC=C(OC)C=C2)CC[N+](CCCCCCCCCCCCCCCC)(C)C,0
C1(C3=C(C=CC2=C1C=CC=C2)C=CC=C3)CCCNC,1
C1CC(C(=O)OCC)(CCN1C)C2=CC=CC=C2,1
[N]12C(=NN=C1CN=C(C3=C2C=CC(=C3)Cl)C4=CC=CC=C4)CN(C)C,1
[N+](C2=C(C=C1CCC(NC1=C2)CNC(C)C)CO)([O-])=O,0
CC.C[N+](C)(CCCCCC[N+](C)(C)C2C1=CC=CC=C1C3=CC=CC=C23)C5C4=CC=CC=C4C6=CC=CC=C56,0
C1(=C(OCC(F)(F)F)C=CC(=C1)OCC(F)(F)F)C(NCC2NCCCC2)=O,0
C13=C(C(=NC(=N1)N)NC2CC2)N=C[N]3[C@H]4C=C[C@H](C4)CO,0
ClC1=C(C=C2C(=C1)NC(=O)C2)CCN5CCN(C3=NSC4=C3C=CC=C4)CC5,1
C1(=C(C=C(C=C1C(C)(C)C)SC(SC2=CC(=C(C(=C2)C(C)(C)C)O)C(C)(C)C)(C)C)C(C)(C)C)O,0
N3(C([C@@H](N[C@H](C(=O)OCC)CCC1=CC=CC=C1)C)=O)[C@@H](CC2=CC=CC=C2C3)C(=O)O,0
C(OC(=O)C1=CC=CC=C1)C2=CC=CC=C2,0
C2(=C[N](CC1=C(F)C=CC=C1F)N=N2)C(=O)N,1
C4=CC=C3SC1=C(C=C(C=C1)C#N)N(CCCN2CCC(CC2)O)C3=C4,1
O=C(NC1=C(C=CC=C1C)C)[C@H]2N(CCCC2)CCC,1
[C@]12(C)[C@@H]5[C@H](C(=O)C=C1C(=C[C@@H]3[C@@H]2CC[C@]4([C@H]3CC[C@@]4(C(C)=O)O)C)Cl)C5,0
C12=NC=CC=C1C(=CC(=C2O)Cl)Cl,0
C1(=CC(=C(C(=C1O)C)CC2=NCCN2)C)C(C)(C)C,0
N1(CCN(CC1)C\C=C\C2=CC=CC=C2)C(C3=CC=CC=C3)C4=CC=CC=C4,1
C1=C(C=CC=C1NC(C)=O)N3C2=C(C(N(C(=C2C(N(C3=O)C4CC4)=O)NC5=C(C=C(C=C5)I)F)C)=O)C,0
O2C(C1=CC=CC=C1CN(CC2)C)C3=CC=CC=C3,1
[N+](C1=CC=C([C@H]([C@H](NC(C(Cl)Cl)=O)COC(=O)CCC(O)=O)O)C=C1)([O-])=O,0
[C@@]125C3=C4C[C@H]([C@@H]1C=C[C@@H]([C@@H]2OC3=C(C=C4)O)O)N(CC5)C,1
C2(=NC1=CC=CC=C1[N]2C)C6=CC3=C(N=C([N]3CC5=CC=C(C4=CC=CC=C4C(=O)O)C=C5)CCC)C(=C6)C,0
N2(C1=C(C=CC=C1)SC3=CC=CC=C23)CCCN(C)C,1
C1(=C(C=CC(=C1)NC(NC3=CC=C(OC2=CC=NC(=C2)C(=O)NC)C=C3F)=O)Cl)C(F)(F)F,0
C1=CC=CC(=C1)C(OCCN(C)C)C2=CC=CC=C2,1
S1C2=C(N=C1N)CCN(CC2)CC=C,1
C(NC1=CC=C(O)C=C1)(=O)C,1
C(O)(=O)[C@H](CS)NC(=O)C,0
S(CC1=C(N2[C@H](OC1)[C@@](OC)(C2=O)CC(=O)CSC(F)F)C(O)=O)C3=NN=N[N]3CCO,0
C1(=CC=C(C=C1)N)[S](=O)(=O)NC2=CC=N[N]2C3=CC=CC=C3,0
C1CC2[C@H]([C@H](CC1N2CCCF)C3=CC=C(C=C3)I)C(OC)=O,1
N23C([C@@H](NC(\C(C1=CSC(=N1)N)=C/CC(=O)O)=O)[C@H]2SCC=C3C(=O)O)=O,0
N2(C1=CC=CC=C1CCC3=CC=CC=C23)CCCN(CC(C4=CC=C(Cl)C=C4)=O)C,1
[C@H]1(O[C@@H]([C@@H]([C@@H]([C@H]1O)O)O)CO)O[C@@H]2[C@H](O[C@]([C@H]2O)(O)CO)CO,0
N[S](=O)(=O)C1=CC2=C(C=C1Cl)NCN[S]2(=O)=O,0
[C@]23([C@H](\C(=C\C=C1/C[C@@H](O)CC[C@@H]1C)CCC2)CC[C@@H]3[C@@H](\C=C\C(C(C)C)C)C)C,0
C1C(C1)(C2=C(C=C4C3=C2OC[C@@H](N3C=C(C4=O)C(O)=O)C)F)N,0
[C@]14([C@H]([C@H]3[C@]([C@H](C1)O)([C@@]2(C(=CC(C=C2)=O)CC3)C)F)C[C@H]([C@@]4(C(=O)CO)O)C)C,1
C1(=C(N=C([N]1CC4=CC=C(C2=CC=CC=C2C3=NN=N[NH]3)C=C4)CCC)C(C)(C)O)C(O)=O,0
N1(N=C(CC1=O)C)C2=CC=CC=C2,1
C12=C([NH]C(=C1)C)C=CC=C2OCC(OC(=O)C3=CC=CC=C3)CNC(C)(C)C,0
N13[C@H](SC([C@@H]1C(OCC2=C(OC(O2)=O)C)=O)(C)C)[C@@H](C3=O)NC([C@@H](C4=CC=CC=C4)N)=O,0
C13=C(N(CCN=C1C2=CC=CC=C2)C)C=CC(=C3)Cl,1
C1(/NC([C@@H](NC([C@@H](NC(=O)[C@H](CNC([C@@H](NC1=O)[C@@H]2N=C(N)N[C@H](C2)O)=O)NC(C[C@@H](N)CCCN)=O)CO)=O)CO)=O)=C/NC(=O)N,0
[C@@]2(O)(C(F)(CCCC)F)CC[C@@H]1[C@H](C(C[C@H]1O2)=O)CCCCCCC(=O)O,0
C(=O)(O)CCCCCCC\C=C/CCCCCCCC,0
C1=CC=C2C(=C1)N=C(N=C2C)CN3C(N(C4=C(C3=O)[N](C(=N4)N5C[C@@H](CCC5)N)CC#CC)C)=O,0
N1=C(N(CC(O)C)CC)C=CC(=N1)NNC(=O)OCC,0
C1=CC(=C2C(=C1[N+](=O)[O-])C=CC=N2)O,0
[S](OC4=CC3=C([C@@H]2[C@H]([C@@H]1CCC([C@]1(CC2)C)=O)CC3)C=C4)(O)(=O)=O,0
C1(=CC=C(C=C1)CCN2C(C3=C(C(C2=O)(C)C)C=CC(=C3)OC)=O)[S](=O)(=O)NC(NC4CCCCC4)=O,0
[S](NC(=O)C1=CC=CC=C1)(C2=CC=C(C=C2)N)(=O)=O,0
[S]1(C(N(C)C(CC1)=O)C2=CC=C(Cl)C=C2)(=O)=O,1
C1(=C(OC(=O)OCC)C=CC(=C1)CCNC([C@@H](NC(=O)C)CCSC)=O)OC(=O)OCC,0
N17[C@@](O[C@](C1=O)(NC([C@@H]5C=C4C2=CC=CC3=C2C(=C(Br)[NH]3)C[C@H]4N(C5)C)=O)C(C)C)([C@@H]6CCCN6C([C@@H]7CC(C)C)=O)O,1
O([C@@H](C[N+](C)(C)C)CC(=O)O)C(=O)C,0
[C@]34([C@H]([C@@H]2CCC1=CC(CC[C@@H]1[C@H]2CC3)=O)CC[C@@H]4OC(=O)CCCCCCCCC)C,0
[N+](CC(OC(=O)C)C)(C)(C)C,0
O=C(C1=CC=C(NCCCC)C=C1)OCCOCCOCCOCCOCCOCCOCCOCCOCCOC,0
N14C(C3=C(CC2=C1C=CC=C2)C=CC=C3)CN(CC4)C,1
C1=CC=C2C(=C1C(F)(F)F)N=C(C(F)(F)F)C=C2[C@H](O)[C@@H]3NCCCC3,0
[N+]1(=C(C=CC=C1)S)[O-],0
[C@H]12[C@H](OC[C@H]1O)[C@@H](O)CO2,0
[C@H]1(N)C(C1)C2=CC=CC=C2,1
C1(=CC(=CC(=C1)C)OCC2CNC(O2)=O)C,1
C2(=C([N]1C(=NC=C1)CN(CC)CC)C=CC(=C2)[N+]([O-])=O)C(C3=CC=CC=C3Cl)=O,1
C13=C(SC2=C(N1C[C@@H](CN(C)C)C)C=CC=C2)C=CC(=C3)OC,1
C1(=C(C)C=CC=C1)C(C2=CC=CC=C2)OCCN(C)C,1
[N+](CCC(C(=O)N)(C1=CC=CC=C1)C2=CC=CC=C2)(C(C)C)(C(C)C)C,0
[C@]134C2=C(CN(CC1)C)C=CC(=C2O[C@H]3C[C@H](C=C4)O)OC,1
C1(N(C(=CC(N1C)=O)NCCN(CCCC2=CC=C([N+]([O-])=O)C=C2)CCO)C)=O,0
C(C(=O)N)(CNC([C@@H](C[C@@H]([C@H](C[C@H](CC1=CC=C(C(=C1)OCCCOC)OC)C(C)C)N)O)C(C)C)=O)(C)C,0
CCOC(=O)\C=C1\N(C(=O)C(S1)N2CCCCC2)C,0
[N+](C1=CC=CC(=C1)O)(CC)(C)C,0
[C@H]1([C@@H]([C@@H](N)[C@@H]([C@H](O1)CO)O)O)O[C@@H]3[C@H]([C@H](O[C@H]2O[C@@H]([C@@H](O)C[C@H]2N)CN)[C@@H](N)C[C@H]3N)O,0
[N]13C(=CC=C1C(=O)C2=CC=CC=C2)C(C(=O)O)CC3,1
C12=CC=CC=C1N(C([C@H](CC2)N[C@@H](CCC3=CC=CC=C3)C(=O)OCC)=O)CC(=O)O,0
N1(C(NC(C1=O)C2=CC=CC=C2)=O)CC,1
CN1[C@@H]2CCC[C@H]1CC(C2)NC(=O)C3=N[N](C)C4=C3C=CC=C4,1
N3(CCCN1CCN(CCO)CC1)C2=CC(=CC=C2SC4=C3C=CC=C4)C(=O)C,1
C(=O)(OCC)CCCCCCCCC(C1=CC=C(C=C1)I)C,0
N2(C([C@@H](N[C@H](C(=O)O)CCC1=CC=CC=C1)C)=O)[C@H](C(=O)O)CCC2,0
ClC1=C(C(=CC=C1)Cl)\C=N\NC(=N)N,0
N2=C(C1=CC(=CC=C1NC(C2O)=O)Cl)C3=CC=CC=C3,1
[C@@H]2([C@H](O[C@H]1[C@@H]([C@H](O)[C@H]([C@H](O1)CN)O)N)[C@@H](N)C[C@H]([C@@H]2O)N)O[C@H]4[C@@H]([C@H](O[C@@H]3[C@@H]([C@@H](O)[C@@H]([C@@H](O3)CN)O)N)[C@H](O4)CO)O,0
OC1=C(Cl)C=C(C(=C1CC2=C(C(=CC(=C2Cl)Cl)Cl)O)Cl)Cl,0
[N+]([O-])(=O)OCCNC(C1=CN=CC=C1)=O,0
C2(C1=CC=CC=C1OC3=C2C=CC=C3)C(=O)OCC[N+](C(C)C)(C(C)C)C,0
[C@H]1(N3C2=C(OC1)C(=C(F)C=C2C(=O)C(=C3)C(O)=O)N4CCN(CC4)C)C.[C@H]5(N7C6=C(OC5)C(=C(F)C=C6C(=O)C(=C7)C(O)=O)N8CCN(CC8)C)C,0
C2=C(C1(C(N(C)C)C=CCC1)C(OCC)=O)C=CC=C2,1
C2=C1OCOC1=CC(=C2C)CC(C3=C(C=CS3)[S](NC4=C(C(=NO4)C)Cl)(=O)=O)=O,0
O[C@H]([C@@H](NC(=O)COC1=C(C=CC=C1C)C)CC2=CC=CC=C2)C[C@@H](NC(=O)[C@@H](N3C(=O)NCCC3)C(C)C)CC4=CC=CC=C4,0
[S](=O)(=O)(NC1=NC=CN=C1OC)C2=CC=C(N)C=C2,0
C#CC1(CCCCC1)OC(=O)N,0
C2(C1=C(C=CC=C1)OC3=C2C=CC=C3)C(=O)OCC[N+](CC)(CC)C,0
C1=C(C=CC=C1)S[C@H]2C[C@@H](C(O)=O)N(C2)C([C@H](C)CS)=O,0
S1C4=C(C(=NC2=CC=CC=C12)N3CCN(CC3)CCOCCO)C=CC=C4,1
C1(=CC(=CC=C1Cl)C2(CCN(CC2)CCCC(C3=CC=C(F)C=C3)C4=CC=C(F)C=C4)O)C(F)(F)F,1
[C@]12([C@H](CC[C@H]1\C(CCC2)=C\C=C3/C(=C)[C@H]([C@@H]([C@@H](C3)O)OCCCO)O)[C@@H](CCCC(C)(C)O)C)C,0
O=C1N([C@@H](CN1C)C(=O)O)C(=O)[C@@H](N[C@H](C(OCC)=O)CCC2=CC=CC=C2)C,0
C([C@@H](C[C@@H](CN1[C@@H](CN(CC1)CC2=CC=CN=C2)C(=O)NC(C)(C)C)O)CC3=CC=CC=C3)(=O)N[C@@H]4[C@@H](CC5=C4C=CC=C5)O,0
N[S](=O)(=O)C1=CC2=C(C=C1C(F)(F)F)NCN[S]2(=O)=O,0
S(C1=C(N=C[N]1C)[N+]([O-])=O)C2=NC=NC3=C2[NH]C=N3,0
N(C1=C(Cl)C=CC=C1Cl)C2=CC=CC=C2CC(O)=O,1
C13=C(C(C=C(O1)C2=NN=N[NH]2)=O)C=CC=C3NC(C4=CC=C(C=C4)OCCCCC5=CC=CC=C5)=O,0
S1C4=C(C(C2=C1C=CC=C2)CC3CN(CCC3)C)C=CC=C4,1
N1(C3=C(SC2=CC=CC=C12)C=CC(=C3)C(F)(F)F)CCCN(C)C,1
ClC5=CC=C(N2C1=CC(=NC(C)C)C(=CC1=NC3=CC=CC=C23)NC4=CC=C(Cl)C=C4)C=C5,0
N(C1=CC=CC=C1)(CC2=NCCN2)CC3=CC=CC=C3,0
C1(=C3C(=NC2=CC=CC=C12)C=CC=C3)NC4=CC=C(N[S](C)(=O)=O)C=C4OC,0
[C@@H]1([C@H](O)[C@@H](O[C@@H]1CO)[N]3C2=NC(=NC(=C2N=C3)OC)N)O,0
C(C1C2C=CC(C1)C2)(CCN3CCCCC3)(C4=CC=CC=C4)O,1
N2(CC1=CC=CC(=C1)OCCCNC(=O)COC(=O)C)CCCCC2,0
NC(NC(N(C)C)=N)=N,0
C1(N=C(C=CN1[C@@H]2CS[C@@H](O2)CO)N)=O,0
C1=CC=C(OC(N(C)C)=O)C=[N+]1C,1
C1=CC(=CC=C1)N2C(C(CCCC)C(N2C3=CC=CC=C3)=O)=O,0
C12=NC(=C(F)C=C1C(=O)C(=CN2C3CC3)C(=O)O)N4C\C(=N/OC)C(C4)CN,0
C1CCC4(C1)CC(N(CCCCN2CCN(CC2)C3=NC=CC=N3)C(C4)=O)=O,1
C(=C/C/C=C\C\C=C/C/C=C\C\C=C/CC)/CCCC(OCC)=O,0
CN1CCN(CC1)C2=C(C=C4C3=C2SCCN3C=C(C4=O)C(=O)O)F,0
C1(=C(C=CC=C1Cl)Cl)OC(C2=NCCN2)C,1
N1CCNCC1,0
N2([C@H]1[C@@H]([C@H](O)[C@H](O1)C)O)C(N=C(C(=C2)F)NC(=O)OCCCCC)=O,0
C2(N[S](=O)(=O)C1=C(C=C(Cl)C(=C1)[S](N)(=O)=O)N2)C(Cl)Cl,0
N([C@H](C(=O)O)C(C)C)(C(=O)CCCC)CC3=CC=C(C1=CC=CC=C1C2=NN=N[NH]2)C=C3,0
[N]1(N=C(N=C1)C(=O)N)[C@H]2[C@@H]([C@@H]([C@H](O2)CO)O)O,0
N1C(CC2=C1C=CC=C2CCN(CCC)CCC)=O,1
CC1=CC3=C(O1)C(=C2OC(=O)C=C(C)C2=C3)C,0
CCC1=C[C@@H]4C[N@](C1)CC2=C([NH]C3=CC=CC=C23)[C@@](C4)(C(=O)OC)C5=CC6=C(C=C5OC)N(C)[C@@H]9[C@]67CCN8CC=C[C@](CC)([C@@H]78)[C@@H](OC(C)=O)[C@]9(O)C(=O)OC,0
N1=C(C(=C(N=C1N)CC)C2=CC=C(C=C2)Cl)N,0
C1(C3=C(CCC2=C1C=CC=C2)C=CC=C3)=CCCNC,1
[N+]3(CC[C](=[C](C1=CC=CC=C1)C2=CC=CC=C2)CC3)(C)C,0
N12C(=O)[C@H]([C@H]1SCC(=C2C(O)=O)CSC3=NN=N[N]3C[S](=O)(=O)O)NC([C@@H](C4=CC=CC=C4)O)=O,0
[C@]34([C@H]([C@H]2[C@@H]([C@@H]1C(=CCCC1)CC2)CC3)CC[C@@]4(O)CC)C,0
C4(=CC=C(C3=CN=C2[NH]C=C(C(C1=C(C=CC(=C1F)N[S](=O)(=O)CCC)F)=O)C2=C3)C=C4)Cl,0
N3C(CC(C1CCCCC1)C2CCCCC2)CCCC3,0
[P](OCC(Cl)(Cl)Cl)(O)(=O)O,0
C1(=C(C(=NC=C1CO)C)O)CO,0
[N+](\C=C(/NC)NCCSCC1=CC=C(O1)CN(C)C)([O-])=O,0
C(CCBr)(=O)N1CCN(CC1)C(CCBr)=O,0
C1CCN[C@H](C1)[C@@H](C2=CC=CC=C2)C(=O)OC,1
N2(C1=CC=C(Cl)C=C1C(=NCC2=O)C3=CC=CC=C3)CC(F)(F)F,1
C2(=NC1=C(C=CC=C1)OC3=C2C=C(C=C3)Cl)N4CCN(CC4)C,1
[S](=O)(NC1=NC=NC(=C1OC)OC)(C2=CC=C(C=C2)N)=O,0
C1(=C(C(=O)C(=C(C1=O)CCCCCCCCCCO)C)OC)OC,1
[C@]124[C@@]5([C@H](N(CC1)C)CC3=C2C(=C(O)C=C3)O[C@H]4C(CC5)=O)O,1
C1(=C([C@@H]([C@@H](O)CO)OC1=O)O)O,0
[P+](OC1=C(C=C(O[P+]([O-])([O-])[O-])C2=CC=CC=C12)C)([O-])([O-])[O-],0
[P](SC(CC(=O)OCC)C(=O)OCC)(=S)(OC)OC,0
[C@]135[C@@H](C(=C(C[C@@]1([C@H]2CC[C@]4([C@H]([C@@H]2CC3)CC[C@@H]4O)C)C)C#N)O)O5,0
C1(C)(C)[C@@H]2[C@H](N(C([C@@H](NC(NC(C)(C)C)=O)C(C)(C)C)=O)C[C@H]12)C(=O)NC(C(C(N)=O)=O)CC3CCC3,0
O3[C@@H]6[C@]14[C@](O)([C@H](N(CC1)CC2CCC2)CC5=CC=C(O)C3=C45)CC[C@@H]6O,1
[C@]34([C@H]([C@H]2[C@@H](C1=CC=C(O)C=C1CC2)CC3)CC[C@@H]4O)C,0
C(NC(C)C)(C1=CC=C(C=C1)CNNC)=O,0
O1C(OC(OC1C)C)C,1
C1=CC=CC=C1\C=C(\C=C2/SC(N(C2=O)CC(O)=O)=S)C,0
C1(=CC=C(C=C1)[N+](=O)[O-])[C@H]([C@@H](COC(CCCCCCCCCCCCCCC)=O)NC(C(Cl)Cl)=O)O,0
COC5=CC=C6C[C@@H]1C2=C(CC[N+]1(C)C)C=C(OC)C(=C2OC7=CC=C(C[C@H]4C3=CC(=C(OC)C=C3CC[N+]4(C)C)OC5=C6)C=C7)OC,0
C2(C1=CC=C(C#N)C=C1CO2)(C3=CC=C(C=C3)F)CCCN(C)C,1
OC1=CC=C(C=C1NC=O)C(O)CNC(CC2=CC=C(OC)C=C2)C,0
[P+]1(NCCCO1)(N(CCCl)CCCl)[O-],0
N1(C3=C(C(=NCC1=O)C2=C(C=CC=C2)F)C=C(C=C3)[N+](=O)[O-])C,1
[C@]23([C@H](\C(=C\[CH]=[C@@]1C[C@@H](O)[CH2][C@@H](C1)O)CCC2)CC[C@@H]3[C@@H](\C=C\[C@@H](C(O)(C)C)C)C)C,0
O(C(C[N+](C)(C)C)C)C(=O)N,0
C(=O)(CC1(CN)CCCCC1)O,1
O[C@@H]2CO[C@@H](O[C@@H]1CO[C@@H](O)[C@H](O[S](O)(=O)=O)[C@H]1O[S](O)(=O)=O)[C@H](O[S](O)(=O)=O)[C@H]2O[S](O)(=O)=O,0
C1(=NC3=C(C(=C1)C2=CC=C(C=C2)F)CCCCCC3)N4CCN(CC4)CC,0
ClC1=C(N)C(=CC(=C1)C(O)CNC(C)(C)C)Cl,0
C1=CC(=C(C=C1)OC(C2OCCNC2)C3=CC=CC=C3)OCC,1
[NH]1C=C(C2=C1C=CC=C2)SC3=NCCN3,0
C1=C(C(=C(C=C1\C=C\C#N)C)NC2=CC=NC(=N2)NC3=CC=C(C=C3)C#N)C,0
C(=N)(NCCN1CCCCCCC1)N,0
[C@]13(C2CCN(C1)CC2)CS[C@@H](O3)C,0
N2=C1C=C(C(=CC1=C(N=C2N3CCN(CC3)C(=O)C4OCCC4)N)OC)OC,0
C3(=CC=C2[N](C1=CC=C(C=C1)F)C=C(C2=C3)C4CCN(CC4)CCN5C(NCC5)=O)Cl,1
CCC1=C[C@@H]4C[N@](C1)CC2=C([NH]C3=CC=CC=C23)[C@@](C4)(C(=O)OC)C5=CC6=C(C=C5OC)N(C)[C@@H]9[C@]67CCN8CC=C[C@](CC)([C@@H]78)[C@@H](OC(C)=O)[C@]9(O)C(=O)OC,0
C1(=CC(=C3C(=C1)O[C@H](C2=CC(=C(C=C2)OC)O)CC3=O)O)O,0
N2(CC1=NN=C([N]1CC2)C(F)(F)F)C(=O)C[C@@H](CC3=CC(=C(C=C3F)F)F)N,0
C4=CC=C3N=C(NC1CCN(CC1)CCC2=CC=C(C=C2)OC)[N](C3=C4)CC5=CC=C(F)C=C5,0
OC1=CC=CC=C1,0
C(CC(N(C)C)C)(C(=O)CC)(C1=CC=CC=C1)C2=CC=CC=C2,1
O1C(OC(=C1C)CN2CCN(CC2)C3=C(C=C4C(=C3)N5C(=C(C4=O)C(O)=O)S[C@@H]5C)F)=O,0
C1(=C(N=C([N]1CC3=CC=C2OC(=C(C2=C3)Br)C4=C(N[S](C(F)(F)F)(=O)=O)C=CC=C4)CC)C5CC5)C(=O)N,0
C1=C(C=CC(=C1O)OC2=C(C=C(C=C2)Cl)Cl)Cl,0
N1(C[C@@H](C[C@H]1C(=O)N[C@@H]([C@@H]2[C@@H]([C@@H]([C@H]([C@H](O2)SC)O[P](=O)(O)O)O)O)[C@H](C)Cl)CCC)C,0
C1=CC(=CC2=C1N(C(CN=C2C3=CC=CC=C3Cl)COC)C)Br,1
OC([P+](O)(O)[O-])(CC1=CN=CC=C1)[P+]([O-])(O)O,0
C1(N(N(C(C1CC[S+](C2=CC=CC=C2)[O-])=O)C3=CC=CC=C3)C4=CC=CC=C4)=O,0
N1=CN=C2C(=C1N)N=C[NH]2,0
C2(N(C(=O)N(CC1=CC=CC=C1C#N)C(=C2)N3CCC[C@H](C3)N)C)=O,0
N2C(N(C)C(C(C1=CC=CC=C1)(CC)C2=O)=O)=O,1
C(C2=C(C1=C(C=CC=C1)OC2=O)O)C4=C(C3=C(C=CC=C3)OC4=O)O,0
C1CN([C@@H](CC)C(N)=O)C(=O)C1,1
O(C1=C(OC)C=C(C=C1OC)C(=O)NC2CNCCC2)C,0
[S]1(=O)(=O)N(C(=C(O)C2=CC=CC=C12)C(=O)NC3=NC=C(S3)C)C,1
C13=C(OC(C)(C)[C@H]2[C@H]1CC(=O)CC2)C=C(C=C3O)C(CCCCCC)(C)C,1
ClC1=C(OCC(OCC)=O)C=CC2=C1OC(=O)C(=C2C)CCN(CC)CC,0
C2(=CC=C1N=C3C(=CC1=C2CN(C)C)CN4C3=CC5=C(C4=O)COC([C@]5(O)CC)=O)O,0
C1(=C(C=C(OC)C(=C1)C(NCC2N(CCC2)CC)=O)N)[S](=O)(=O)CC,1
ClC1=CC=C(C(CC(=O)O)CN)C=C1,1
O(C(=O)C(C)(C)C)CO[P+](COCC[N]2C1=NC=NC(=C1N=C2)N)(OCOC(C(C)(C)C)=O)[O-],0
FC5(F)CCC(C(=O)N[C@H](CCN2[C@@H]3CC([N]1C(=NN=C1C)C(C)C)C[C@H]2CC3)C4=CC=CC=C4)CC5,0
O=C1NC(=NC2=C1C(=C[NH]2)CCC3=CC=C(C(=O)N[C@H](C(O)=O)CCC(O)=O)C=C3)N,0
C4(CC[C@@H]3[C@H]2C(C[C@@]1([C@](CC[C@H]1[C@@H]2CCC3=C4)(O)C#C)CC)=C)=O,0
C1(OC[C@H]([C@@H]([C@H]1O)O)O)O,0
C12N(C(N(C1N(C(N2C)=O)C)C)=O)C,0
C1(/C3=C(OCC2=C1C=CC=C2)C=CC=C3)=C\CCN(C)C,1
C(CC1=C[NH]C2=C1C=C(OC)C=C2)NC(C)=O,0
C1(=CC(=C(NC)C=C1OC)Cl)C(NC3C(N(CC2=CC=CC=C2)CC3)C)=O,1
OC(C(N1CCC(CC1)CC2=CC=CC=C2)C)C3=CC=C(O)C=C3,1
O([C@@H]2[C@@H](O)[C@H](O[C@H]1O[C@@H]([C@@H](O)[C@H](O)[C@H]1O)CN)[C@@H](N)C[C@H]2NC(=O)[C@@H](O)CCN)[C@H]3O[C@@H]([C@@H](O)[C@H](N)[C@H]3O)CO,0
OC3=CC1=C(C[C@H]2N(CC[C@@]1([C@H]2C)C)CC=C(C)C)C=C3,1
C1(C(=O)OCC)(CCN(CC1)CCC2=CC=C(N)C=C2)C3=CC=CC=C3,1
FC1=CC(=CC=C1C2=CC(=C(C=C2)O)C(O)=O)F,1
C1(=CC=C(Cl)C=C1Cl)C(SCC2=CC=C(C=C2)Cl)C[N]3C=NC=C3,0
[C@@]23(C(=C1C(C4=C([C@]([C@H]1C[C@H]2[C@@H](C(=C(C3=O)C(NCNCCCC[C@@H](C(=O)O)N)=O)O)N(C)C)(O)C)C=CC=C4O)=O)O)O,0
N2(C1=CC(=CC=C1SC3=C2C=CC=C3)SC)CCC4N(C)CCCC4,1
N12C(=O)[C@H]([C@H]1SCC(=C2C(=O)O)COC)NC(\C(C3=CSC(=N3)N)=N/OC)=O,0
C1=C(C=CC(=C1)F)[C@H](CC[C@H]2C(N([C@@H]2C3=CC=C(C=C3)O)C4=CC=C(C=C4)F)=O)O,0
ClC1=C(C(=C(C=C1)F)Cl)[C@@H](C)OC2=CC(=CN=C2N)C3=C[N](N=C3)C4CCNCC4,0
C23=C(C(C1=CC=C(C=C1)Cl)OC2)C=NC(=C3O)C,0
[NH]1N=CC(=C1)C,0
C1(C3=C(C=CC2=C1C=CC=C2)C=CC=C3)=CCCN(C)C,1
[C@@H]1(C[C@H]([C@@H]([C@H]1C\C=C/CCCC(=O)OC(C)C)CC[C@H](CCC2=CC=CC=C2)O)O)O,0
[C@H]13[C@H]([C@H]2C[C@@H]1CC2)C(N(C3=O)CCCCN5CCN(C4=NC=CC=N4)CC5)=O,1
N1(C(NC(C(=C1)C(C)C)=O)=O)[C@@H]2O[C@H](CO)[C@H](C2)O,0
N12C(=O)[C@H]([C@H]1SCC(=C2C(OC(OC(=O)OC(C)C)C)=O)COC)NC(\C(C3=CSC(=N3)N)=N/OC)=O,0
C1(=C([N](C)C2=CC(=C(C(=C12)CN(C)C)O)Br)CSC3=CC=CC=C3)C(=O)OCC,0
C1(=C(N=C(N=C1N[S](C2=CC=C(C=C2)C(C)(C)C)(=O)=O)C3=NC=CC=N3)OCCO)OC4=CC=CC=C4OC,0
C(C1(O)CCCCC1)(C2=CC=C(O)C=C2)CN(C)C,1
C1=CC=C2C(=C1)CCN(C(=N)N)C2,0
C1(=CC(=C(N)C=C1OC)Cl)C(=O)NCCN(CC)CC,1
[N]3(C1=C(C(=NC(=N1)[N]2N=CC(=C2)C(=O)NC)N)N=C3)[C@H]4[C@@H]([C@H](O)[C@H](O4)CO)O,0
C13=C([N](C)C2=C1C=CC=C2)CCN(C3=O)CC4=C([NH]C=N4)C,0
C1(/C(=C(CC(=O)O)C2=C1C=CC(=C2)F)C)=C\C3=CC=C([S+]([O-])C)C=C3,1
N1=C([N](C(=C1Cl)CO)CC4=CC=C(C2=C(C=CC=C2)C3=NN=N[NH]3)C=C4)CCCC,0
NC1=CC(=NC(=[N+]1[O-])N)N2CCCCC2,0
[C@]34([C@@H]2[C@H]([C@@H]1CC[C@@H]([C@]1(CC2)C)OC(=O)CC)CC[C@H]3CC(=O)[C@@H](C4)C)C,0
C1=CC=C(OC(C)=O)C(=C1)C(NC2=NC=C(S2)[N+](=O)[O-])=O,0
C2=CC=C1NC(N(C1=C2)C3=CCN(CC3)CCCC(=O)C4=CC=C(C=C4)F)=O,1
C(C1=CC(=CC=C1)OC[C@@H](\C=C\[C@@H]2[C@H]([C@@H](O)C[C@H]2O)C\C=C/CCCC(=O)OC(C)C)O)(F)(F)F,0
C1CCN2N([C@@H]1C(=O)O)C([C@H](CCC2)N[C@H](C(=O)OCC)CCC3=CC=CC=C3)=O,0
C2(=C(C(F)(F)F)C=C(NC([C@@](C[S](C1=CC=C(C=C1)F)(=O)=O)(O)C)=O)C=C2)C#N,0
C2(=C(C1=CC=C(C=C1)C)N=C3[N]2C=C(C=C3)C)CC(N(C)C)=O,1
C13=C(N=C[N]1C2=CC=C(F)C=C2C(N(C3)C)=O)C(=O)OCC,1
CCN[C@@H]1C[C@@H]([C@H]([C@@H]([C@H]1O[C@@H]2[C@@H]([C@H]([C@@](CO2)(C)O)NC)O)O)O[C@@H]3[C@@H](CC=C(O3)CN)N)N.CCN[C@@H]4C[C@@H]([C@H]([C@@H]([C@H]4O[C@@H]5[C@@H]([C@H]([C@@](CO5)(C)O)NC)O)O)O[C@@H]6[C@@H](CC=C(O6)CN)N)N,0
C2=NC1=C(C(NC(N1CCC)=O)=O)[NH]2,0
FC3=C([C@](O)([C@@H](C)C1=NC=NC=C1F)C[N]2N=CN=C2)C=CC(=C3)F,0
N(CCN(CCN(CC(NC)=O)CC(=O)O)CC(=O)O)(CC(NC)=O)CC(=O)O,0
[C@]13(C(=CC(CC1)=O)CC[C@H]4[C@@H]2CC[C@@H]([C@]2(CC[C@H]34)C)OC(=O)CCCCCC)C,0
CCCC1=N[N](C)C4=C1N=C(C2=C(C=CC(=C2)[S](N3CCN(C)CC3)(=O)=O)OCC)NC4=O,0
C13=C(N(C(CN=C1C2=CC=CC=C2)=O)C)C=CC(=C3)Cl,1
C=CC3=C(N1[C@@H]([C@@H](C1=O)NC(=O)\C(=N/OCC(=O)O)C2=CSC(=N2)N)SC3)C(=O)O,0
C1C2CC6CC1CC(C2)(C3=C(C=CC(=C3)C4=CC=C5C(=C4)C=CC(=C5)C(O)=O)OC)C6,0
C1(=NC2=C(O1)C=C(C(=O)O)C=C2)C3=CC(=CC(=C3)Cl)Cl,0
N1(C3=C(CCC2=C1C=CC=C2)C=CC(=C3)Cl)CCCN(C)C,1
C1(=C(OC)C=CC(=C1)CCNC[C@@H](C2=CC=C(C=C2)O)O)OC,0
[C@]235[C@@]6([C@H](N(CC1CC1)CC2)CC4=C3C(=C(O)C=C4)O[C@H]5C(=C)CC6)O,1
N4(C1=C(C=C(C(=C1OC)N3C[C@@H]2CCCN[C@@H]2C3)F)C(C(=C4)C(=O)O)=O)C5CC5,0
N1=C(C(=CN=C1N)CC2=CC(=C(C(=C2)OC)OC)OC)N,0
C1(NC(=C(N1)C(C2=CC=C(C=C2)SC)=O)C)=O,0
SC1=NC(=NC2=C1N=C[NH]2)N,0
C1=NC=CC=C1[C@H]2NCCCC2,0
C1[C@@H]([C@@H]2[C@H](O1)[C@@H](CO2)O[N+](=O)[O-])O[N+](=O)[O-],0
[C@]34(O[C@@H](C[C@@H](O[C@H]1[C@H]([C@@H](N)[C@@H]([C@H](O1)C)O)O)\C=C\C=C\C=C\C=C\C[C@H](OC(\C=C\[C@@H]2[C@H](O2)C[C@@H](C3)O)=O)C)[C@@H]([C@H](C4)O)C(=O)O)O,0
C1(=CC=C(C=C1)NC(=O)CC2=CSC(=N2)N)CCNC[C@@H](C3=CC=CC=C3)O,1
N1([C@H](C(NC(C)(C)C)=O)C[C@H]2[C@@H](C1)CCCC2)C[C@H]([C@@H](NC(C3=CC=CC(=C3C)O)=O)CSC4=CC=CC=C4)O,0
C1(=CC(=C(C=C1)O)O)[C@H]([C@H](N)C(=O)O)O,1
C1N(C(COC1)=O)C2=CC=C(C=C2)N3C(O[C@H](C3)CNC(C4=CC=C(S4)Cl)=O)=O,0
C(C(C(C(C(F)(F)F)(F)F)(F)F)(F)F)(C(C(C(F)(F)Br)(F)F)(F)F)(F)F,0
N(C([C@@H]([C@@H](C(NO)=O)O)CC(C)C)=O)[C@@H](C(C)(C)C)C(=O)NC,0
N1=C(N)NC2=C(C1=O)N=C[N]2CCC(CO)CO,0
C4(CCO)CCN(CCCN1C3=C(SC2=C1C=CC=C2)C=CC(=C3)C(C)=O)CC4,1
N1(C(NC(=O)C(=C1)F)=O)C(NCCCCCC)=O,0
N1(C[C@@H](C[C@H]1C(=O)N[C@@H]([C@@H]2[C@@H]([C@@H]([C@H]([C@H](O2)SC)O)O)O)[C@H](C)Cl)CCC)C,0
N3(C(C(C1CC1)=O)C2=CC=CC=C2F)CC4=C(CC3)SC(=C4)OC(=O)C,0
C1(=NCC(=O)N(C2=C1C=C(C=C2)Cl)CCN(CC)CC)C3=CC=CC=C3F,1
[S](C1=CC=C(OC)C(=C1)C(NCC2N(CCC2)CC)=O)(=O)(=O)N,1
[N]23C1=CC=C(Cl)C=C1C(=NCC2=NN=C3C)C4=C(Cl)C=CC=C4,1
[C@]16(OC(CC1)=O)[C@@H]2[C@@H](C2)[C@H]7[C@@H]5[C@@H]3[C@@H](C3)C4=CC(=O)CC[C@@]4([C@H]5CC[C@]67C)C,0
C1(=NCCN1)CC2=C3C(=CC=C2)C=CC=C3,0
CC1(C)O[C@]3([C@@H](O1)[C@@H]2OC(C)(C)O[C@@H]2CO3)CO[S](=O)(=O)N,1
S3[C@H]1N(C(=O)[C@H]1NC(=O)[C@H](N)C2=CC=CC=C2)[C@H](C3(C)C)C(OCOC(=O)C(C)(C)C)=O,0
C2(=C(C=C(C(NCC1=CC=C(C=C1)OCCN(C)C)=O)C=C2OC)OC)OC,1
[C@]34([C@@H]2[C@H]([C@@H]1CC[C@@]([C@]1(CC2)C)(O)C)CC[C@H]3CC(OC4)=O)C,0
[C@@H]23[C@@H](C1=CC5=C(C=C1[C@H]([C@H]2C(=O)OC3)C4=CC(=C(O)C(=C4)OC)OC)OCO5)O[C@H]6[C@@H]([C@@H](O)[C@H]7[C@H](O6)CO[C@@H](C)O7)O,0
[*]C[C@H]1NC(=O)[C@@H](N)CNC(=O)[C@@H](NC(=O)\C(NC(=O)[C@H](NC1=O)CN[*])=C\NC(=O)N)[C@@H]2NC(N=CC2)N,0
N1=C(C2=C(N=C1)[N](C=N2)C[C@@H](C)OC[P+]([O-])(O)O)N,0
[N]3([C@H]1[C@@H]([C@H](O)[C@H](O1)C[S+](CC[C@@H](C(=O)O)N)C)O)C2=NC=NC(=C2N=C3)N,0
N23C([C@@H](NC(\C(C1=CSC(=N1)N)=N/OC)=O)[C@H]2SCC(=C3C(OCOC(C(C)(C)C)=O)=O)\C=C/C4=C(N=CS4)C)=O,0
[N]24C1=C(CCN3[C@H]1[C@](C=C2C(=O)OCC)(CCC3)CC)C5=C4C=CC=C5,0
[S](NC1=CC(=NC(=N1)OC)OC)(C2=CC=C(N)C=C2)(=O)=O,0
N2(C([C@@H](N[C@H](C(=O)OCC)CCC1=CC=CC=C1)C)=O)[C@@H](CC3(C2)SCCS3)C(=O)O,0
[C@@]1(C(OCC2=C1C=C3N(C2=O)CC4=C(C5=C(N=C34)C=CC=C5)CCNC(C)C)=O)(O)CC,0
O3[C@@H](O[C@@H]1[C@@H](NC(=N)N)[C@H](O)[C@@H](NC(=N)N)[C@H](O)[C@H]1O)[C@H](O[C@@H]2O[C@H]([C@H](O)[C@@H](O)[C@@H]2NC)CO)[C@](O)([C@@H]3C)C=O.O6[C@@H](O[C@@H]4[C@@H](NC(=N)N)[C@H](O)[C@@H](NC(=N)N)[C@H](O)[C@H]4O)[C@H](O[C@@H]5O[C@H]([C@H](O)[C@@H](O)[C@@H]5NC)CO)[C@](O)([C@@H]6C)C=O,0
[S](N(CCC)CCC)(C1=CC=C(C=C1)C(=O)O)(=O)=O,0
N1=C[NH]C=C1CCN,0
C1(=CC=C(C=C1)[S](N)(=O)=O)N,0
[C@@]23(C(=C1C(C4=C([C@]([C@H]1C[C@H]2[C@@H](C(=C(C3=O)C(NCO)=O)O)N(C)C)(O)C)C(=CC=C4O)Cl)=O)O)O,0
O1C(N(C(C1(C)C)=O)C)=O,1
[C@@H]23C1=C(C=CC=C1CCN2C)C4=C(C3)C=CC(=C4O)O,1
[N]1(C(=NC(=N1)CN3[C@H]([C@@H](O[C@@H](C2=CC(=CC(=C2)C(F)(F)F)C(F)(F)F)C)OCC3)C4=CC=C(F)C=C4)O)[P+](O)(O)[O-],1
[C@H]1([C@](O)(CCCC1)C2=CC(=CC=C2)OC)CN(C)C,1
N(C(=N)N)C(CC1=C(Cl)C=CC=C1Cl)=O,1
C13=C(C=CC(=C1)CN(C2=CC=C(S2)C(N[C@@H](CCC(O)=O)C(O)=O)=O)C)N=C(NC3=O)C,0
C1(=C(N=C([N]1CC4=CC=C(C3=C(C2=NN=N[NH]2)C=CC=C3)C=C4)CCC)C(O)(C)C)C(OCC5=C(OC(O5)=O)C)=O,0
C1(=C(N=C(N)C(=N1)Cl)N)C(NC(=N)N)=O,0
[C@@H]1(O)[C@H](N)[C@@H](O)[C@H](O)[C@H](O1)CO,0
[C@@]([C@@H](CN(C)C)C)(OC(=O)CC)(CC1=CC=CC=C1)C2=CC=CC=C2,1
S([P](=O)(O)O)CCNCCCN,0
[S](N[C@H](C(=O)O)CC1=CC=C(C=C1)OCCCCC2CCNCC2)(=O)(=O)CCCC,0
[C@@H]1([C@@H]([C@H]([C@@H]([C@@H](CO)O1)O)O)NC(C)=O)O,0
N13C(=N\C(C1=O)=C/N2CCN(CC2)C)CN=C(C4=C3C=CC(=C4)[N+]([O-])=O)C5=C(Cl)C=CC=C5,1
ClC3=CC=C2SC1=CC=CC=C1N(C2=C3)CCCN4CCN(CC4)C,1
[N]12C(=C(C#N)C=N1)N=CC=C2C3=CC(=CC=C3)N(C(=O)C)CC,1
CCCC(=O)O[C@H](COC(=O)CC)CO[P](O)(=O)OC[C@H](N)C(O)=O,0
O(C1=C(C)C=CC=C1)[C@@H](C2=CC=CC=C2)CCNC,1
COC1=C(C=C2C(=C1)C(=NC=N2)NC3=C(C=C(C=C3)Br)F)OCC4CCN(CC4)C,0
C12=NC(=C(C=C1C(C(=CN2C3=CC=C(C=C3F)F)C(=O)O)=O)F)N5C[C@@H]4C(N)[C@@H]4C5,0
N3C(N(\N=C\C1=CC=C(O1)C2=CC=C([N+]([O-])=O)C=C2)CC3=O)=O,1
C1(C(=O)OCC)(CCN(CC1)CCC(C2=CC=CC=C2)O)C3=CC=CC=C3,1
NCCC1=CC=C(C=C1)O,0
C12=CC=CC=C1C=CC=C2OCC(CNC(C)C)O,1
N2=C(N=C1N=CC(=NC1=C2N)CN(C3=CC=C(C(N[C@H](C(=O)O)CCC(O)=O)=O)C=C3)C)N,0
FC3=C(N1CCN(CC1)C)C=C2N(C=C(C(=O)C2=C3)C(=O)O)CC,0
C(CCCCCCNC2C1=CC=CC=C1CCC3=CC=CC=C23)(=O)O,1
[P+]1(N(CCCl)CCCO1)(NCCCl)[O-],0
[C@]24([C@H]([C@@H]1CCC3=C([C@H]1CC2)C=CC(=C3)O)CC[C@@]4(O)C#C)C,0
C1(=C(C(=O)N)N=C[N]1[C@H]2[C@@H]([C@@H]([C@H](O2)CO)O)O)O,0
[C@@H]1(C(S[C@@H]2[C@@H](C(N12)=O)N=CN3CCCCCC3)(C)C)C(O)=O,0
S1C2N([C@H](C1(C)C)C(O)=O)C(=O)[C@H]2NC(=O)[C@H](N=[N+]=[N-])C3=CC=CC=C3,0
C13=C[C@@H](C[C@@H]([C@@H]1[C@@H](CC[C@H]2OC(=O)C[C@@H](C2)O)[C@H](C=C3)C)OC(C(CC)(C)C)=O)C,0
C1CCC[N+]1(C)CCCCC[N+]2(CCCC2)C,0
C2(N(C(=O)CC)C1=CC=CC=C1)(C(=O)OC)CCN(CC2)CCC(=O)OC,1
C1(=NCCO1)NC(C2CC2)C3CC3,0
C1(C4=C(CCN1C2=CC=C(C=C2)N3C(CCCC3)=O)C(=N[N]4C5=CC=C(C=C5)OC)C(=O)N)=O,0
N(C1=NC(=C(C(=N1)C)C)N3CCC2=CC=CC=C2C3C)C4=CC=C(C=C4)F,0
C1(N(N=NN1CC)CCN3CCC(N(C(=O)CC)C2=CC=CC=C2)(CC3)COC)=O,1
C1(C2=C(C(=CN1C)OCC(CNC(C)(C)C)O)C=CC=C2)=O,0
[C@]24([C@H]([C@@H]1CCC3=C([C@H]1CC2)C=CC(=C3)O)C[C@H]([C@@H]4O)O)C,0
O1[C@@H]([C@H](OCCC)[C@H](C1OCC)O)C(OCC2=CC=C(Cl)C=C2)COCC3=CC=C(Cl)C=C3,0
[C@]34([C@@H]2[C@H]([C@@H]1CC[C@@]([C@]1(CC2)C)(O)C)CC[C@H]3CC(=O)\C(C4)=C/O)C,0
CCC3=CC1=C(N(C(CN=C1C2=CC=CC=C2Cl)=O)C)S3,1
C([N]1C=NC=C1)(C2=CC=CC=C2F)(C3=CC=C(C=C3)F)C4=CC=CC=C4,0
N2(C1=CC=CC=C1C=CC3=CC=CC=C23)CCCN4CCN(CC4)CCO,1
OC(C1=CC(=CC(=C1)O)O)CNC(C)C,0
[N]12C(=NN=C1CCCC2)CCN3CCN(CC3)C4=C(C)C=CC=C4,0
N2(C1=CC=C(Cl)C=C1C(=NCC2=O)C3=CC=CC=C3)CC4CC4,1
C4=C[C@@]3([C@H]2CC[C@]1([C@@H](CCC(O1)=O)[C@@H]2CCC3=CC4=O)C)C,0
C2=CC(=C1[N](C(=NC1=C2)OCC)CC3=CC=C(C=C3)C4=CC=CC=C4C5=NN=N[NH]5)C(=O)O,0
C(=NC1=CC=NC=C1)(NC(C(C)(C)C)C)NC#N,0
[N]1(C(=NC=C1)C)CCC(C(=O)N)(C2=CC=CC=C2)C3=CC=CC=C3,0
C1(=CN=C([N]1CC[S](=O)(=O)CC)C)[N+]([O-])=O,0
S(C2=C(N1[C@@H]([C@H](C1=O)[C@H](O)C)[C@H]2C)C(OCOC(=O)C(C)(C)C)=O)C3CN(C3)C4=NCCS4,0
O(C(=O)CCC(OCC[N+](C)(C)C)=O)CC[N+](C)(C)C,0
[C@H]12SCC(=C(N1C(=O)[C@H]2NC(=O)[C@H](N)C3=CC=CC=C3)C(O)=O)COC(=O)C,0
CNCCCC13CCC(C2=CC=CC=C12)C4=CC=CC=C34,1
C1(=C(Cl)C=CC=C1Cl)SC(C[N]2C=NC=C2)CCC3=CC=C(C=C3)Cl,0
C1(=O)C=C(C(=O)C2=CC=CC=C12)C,0
[C@@H]1(C[C@H]([C@@H]([C@H]1C\C=C/CCCC(OC(C)C)=O)\C=C\C(COC2=CC=CC=C2)(F)F)O)O,0
C(NCC(O)=O)(C1=CC=C(C=C1)N)=O,0
N12C(=O)[C@H]([C@H]1SCC(=C2C(=O)O)C=C)NC(\C(C3=CSC(=N3)N)=N/O)=O,0
N12C(C3=C(C1=NCC2)C=CC=C3)(C4=CC=C(Cl)C=C4)O,1
N1(C[C@@H](C[C@H]1C(=O)N[C@@H]([C@@H]2[C@@H]([C@@H]([C@H]([C@H](O2)SC)O)O)O)[C@H](C)Cl)CCC)C,0
C(CC(=N[C@@H](CS)C(=O)NCC(=O)O)O)[C@@H](C(=O)O)N,0
C1(=NC3=C(NC2=C1C=C(S2)C)C=CC=C3)N4CCN(CC4)C,0
[C@]25([C@H]([C@@H]1CCC3=C([C@H]1CC2)C=CC(=C3)OC4CCCC4)CC[C@]5(C#C)O)C,0
N4(C(=O)C1CCCCC1)CC3C2=C(C=CC=C2)CCN3C(C4)=O,0
C12=C(OCO1)C=CC(=C2)OC[C@H]4[C@H](C3=CC=C(C=C3)F)CCNC4,1
[C@@H](C1=CC=CC=C1)([N]2C(=CN=C2)C(OCC)=O)C,0
[C@H]24[C@](C(=C1C(C3=C(C([C@H]1[C@@H]2O)=C)C=CC=C3O)=O)O)(C(C(=C([C@H]4N(C)C)O)C(N)=O)=O)O,0
C(C(O)=O)[N+](C)(C)C,0
N12C(=O)[C@H]([C@H]1SCC(=C2C(=O)O)CSC3=NN=N[N]3CCN(C)C)NC(CC4=CSC(=N4)N)=O,0
C1(=CC=CC=C1)[C@H]([C@@H](NC)C)O,1
C2(/C1=CC(=C(C=C1CCN2)OCC)OCC)=C\C3=CC(=C(C=C3)OCC)OCC,0
[C@]12(C(=CC(C=C1)=O)C(=C)C[C@@H]3[C@@H]2CC[C@@]4(C(=O)CC[C@@H]34)C)C,0
[P+]([O-])(OC(C)C)(OC(C)C)F,0
O(C2=CC1=C(N=C(N=C1C=C2OC)N4CCN(C(=O)C3=CC=CO3)CC4)N)C,0
C1=C(Cl)C=C2C(=C1)NC(CN=C2C3=CC=CC=C3Cl)=O,1
C1(=CN(C2=C(C1=O)C=C(F)C(=N2)N3CCNCC3)CC)C(=O)O,0
C(OC4=CC=C3[C@H]2CC[C@@]1([C@H](CC[C@H]1[C@@H]2CCC3=C4)O)C)(N(CCCl)CCCl)=O,0
C1=NC3=C([N]1[C@H]2[C@H]([C@@H]([C@H](O2)CO)O)O)N=C(N=C3N)F,0
O[C@H]1C[C@@H](O)C(\C(C1)=C/C=C2\CCC[C@]3([C@@H]2CC[C@H]3[C@@H](\C=C\[C@@H](C4CC4)O)C)C)=C,0
S1[C@H]2N([C@H](C1(C)C)C(O)=O)C(=O)[C@H]2NC(=O)C3=C4C(=CC=C3OCC)C=CC=C4,0
C1(=C(C=CC(=C1)N)C(OCCN(CC)CC)=O)OCCC,0
N12C(=O)[C@H]([C@H]1SCC(=C2C(=O)O)CSC3=NN=N[N]3CC(=O)O)NC(CC4=CC=CC=C4CN)=O,0
C1=CC=CC(=C1OC)N3CCN(CCCNC2=CC(N(C(N2C)=O)C)=O)CC3,0
N1C(C(CC)(C)CC1=O)=O,1
S4N=C(N1CCN(CC1)CCCCN2C(=O)[C@H]3[C@@H](C2=O)CCCC3)C5=CC=CC=C45,1
C1=C(C=CC(=C1)C(NCCN2CCOCC2)=O)Cl,1
O([C@@H]1[C@H](C[C@H](O[C@H]1O[C@@H]2[C@H]([C@@H]([C@H](C(O[C@@H]([C@]([C@@H]([C@H](C([C@@H](C[C@]2(O)C)C)=O)C)O)(O)C)CC)=O)C)O[C@H]3C[C@]([C@H]([C@@H](O3)C)O)(OC)C)C)C)N(C)C)C(=O)CC.SC[C@@H](C(O)=O)NC(=O)C,0
CN1NC(=O)C(=O)N=C1SCC3=C(N2C(=O)[C@H]([C@H]2SC3)NC(=O)\C(=N/OC)C4=CSC(=N4)N)C(=O)O.CN5NC(=O)C(=O)N=C5SCC7=C(N6C(=O)[C@H]([C@H]6SC7)NC(=O)\C(=N/OC)C8=CSC(=N8)N)C(=O)O,0
[C@H]2([C@H]([C@H](O[C@H]1OC(=CC[C@H]1N)CN)[C@@H](N)C[C@H]2NCC)O)O[C@@H]3[C@@H]([C@@H](NC)[C@](CO3)(O)C)O,0
C1(=C(SC2=CC(=CC=C12)O)C3=CC=C(C=C3)O)C(C4=CC=C(C=C4)OCCN5CCCCC5)=O,0
S1C4=C(N(C2=C1C=CC=C2)CCCN3CCN(CC3)C)C=C(SCC)C=C4,1
C12=C(NC(CCCN(CC)CC)C)C=CN=C1C=C(C=C2)Cl,0
N1=C(C(=CC=C1N)N=NC2=CC=CC=C2)N,0
CCO[P](=O)(C(C)NC(=O)N(CCCl)N=O)OCC,0
N12[C@H](SC([C@@H]1C(=O)O)(C)C)[C@@H](C2=O)NC(C3(N)CCCCC3)=O,0
N2=C(C1=CC(=CC=C1N(C(C2O)=O)C)Cl)C3=CC=CC=C3,1
C1(=C(O)C=CC(=C1)C)[C@H](CCN(C(C)C)C(C)C)C2=CC=CC=C2,1
C1(=C(OC(=N1)CCC(O)=O)C2=CC=CC=C2)C3=CC=CC=C3,1
[Si](O[Si](C)(C)C)(C)(C)C,0
C(C(Br)Cl)(F)(F)F,0
[C@]13(C(=C(C(=O)CC1)O)CC[C@H]4[C@@H]2CCC([C@]2(CC[C@H]34)C)=O)C,0
C2=C(C=C1C(=NC(C(N(C1=C2)C)=O)O)C3=CC=CC=C3Cl)Cl,1
C1(=CC=C(C=C1)CCCC(=O)O)N(CCCl)CCCl,0
C2C(C=C1CC[C@@H]3[C@@H]([C@@]1(C)C2)CC[C@]4([C@H]3CC[C@@H]4OC(CC)=O)C)=O,0
[C@]135[C@@]67[C@H](N(CC1)CC2CC2)CC4=C3C(=C(O)C=C4)O[C@H]5[C@@]([C@@H]([C@@](C(C)(C)C)(O)C)C6)(CC7)OC,1
C(\C=C\C1=CC=C(C=C1)C[N]2C=CN=C2)(=O)O,0
C[C@@H]1N([S](=O)(=O)O)C(=O)[C@H]1NC(=O)\C(=N/OC(C)(C)C(O)=O)C2=CSC(=N2)N,0
C(C1=CC2=C(C=C1)C(=CC=N2)NC5=C(C(=O)OCCN3CCN(CC3)C4=CC(=CC=C4)C(F)(F)F)C=CC=C5)(F)(F)F,0
N12C(=O)[C@H]([C@H]1SCC(=C2C(O)=O)COC(=O)N)NC(\C(C3=CC=CO3)=N/OC)=O,0
CC\C(C1=CC=C(C=C1)O)=C(/C2=CC=C(C=C2)O)CC,0
C1(=C(C=C(I)C(=C1I)N)I)CC(C(=O)O)CC,0
C1(N(C=CC(=N1)N)[C@@H]2O[C@@H]([C@H]([C@@H]2O)O)CO)=O,0
C2=CC=C1C4=C([NH]C1=C2)[C@H](N3C(=O)CN(C(=O)[C@H]3C4)C)C6=CC=C5OCOC5=C6,0
[C@@]17(N(C(=O)[C@@](O1)(NC([C@@H]5C[C@@H]4C2=C3C(=CC=C2)[NH]C=C3C[C@H]4N(C5)C)=O)C)[C@@H](CC6=CC=CC=C6)C(N8[C@H]7CCC8)=O)O,1
C(NC(=N)NC(C)C)(NC1=CC=C(Cl)C=C1)=N,0
[P+]2(O[C@H]1[C@@H](OC(=O)CCC)[C@@H](O[C@@H]1CO2)[N]3C4=C(N=C3)C(=NC=N4)NC(=O)CCC)([O-])[O-],0
O3[C@@H]([N]1C2=C(N=C1)C(=NC=N2)N)[C@@H](O)[C@H](O)[C@H]3CO,0
S2C1=CC=C(C=C1N(C3=CC=CC=C23)CCCN4CCN(CC4)CCO)C(F)(F)F,1
C([C@@H](N)CS)(=O)O,0
C1(=CC(=CC=C1OC(=O)C(C)C)CO)[C@H](CCN(C(C)C)C(C)C)C2=CC=CC=C2,1
C(C(OC2=CC=C(C(C1=CC=C(C=C1)Cl)=O)C=C2)(C)C)(OC(C)C)=O,0
C(C1=NC=CC=C1)(C2=CC=CC=C2)(OCCN(C)C)C,1
O(C(=O)N2[C@H](C1=CC=CC=C1CC2)C3=CC=CC=C3)[C@@H]4C5CCN(C4)CC5,1
ClC2=C([S](=O)(=O)N)C=C1[S+]([O-])(=O)NC=NC1=C2,0
N1(CCCC(C2=C1C=CC=C2)N(C)C)C(=O)C3=CC=C(C=C3)NC(=O)C4=C(C=CC=C4)C,0
O=C(NCCCCCN(O)C(=O)CCC(=O)NCCCCCN(O)C(=O)C)CCC(=O)N(O)CCCCCN,0
C2=CC=C1N(C5C3(C1=C2)CC4C([C@H]3O)C6C(C(N4C5C6)O)CC)C,0
C1(=NC=NC2=C1C=C[NH]2)C3=C[N](N=C3)[C@@H](C4CCCC4)CC#N,0
[C@H]24[C@](C(=C1C(C3=C(C([C@H]1[C@@H]2O)=C)C=CC=C3O)=O)O)(C(C(=C([C@H]4N(C)C)O)C(N)=O)=O)O,0
[C@]34([C@H]([C@@H]2CCC1=CC(CC[C@@H]1[C@H]2CC3)=O)CC[C@@H]4OC(=O)CCC5=CC=CC=C5)C,0
C1=C(C(=CC2=C1[S](=O)(N(C)C(CSCC(F)(F)F)N2)=O)Cl)[S](N)(=O)=O,0
C(=C1\C[C@H](C[C@@H](C1=C)O)O)/C=C2\CCC[C@]3(C)[C@H](CC[C@@H]23)[C@H](C)CCCC(C)(C)O,0
O[C@]12[C@H]([C@H](N(C)C)C(=C(C1=O)C(=O)N)O)C[C@H]3C(=C2O)C(=O)C4=C(C3)C(=CC(=C4O)NC(=O)CNC(C)(C)C)N(C)C,0
[C@]45([C@H]([C@H]3[C@@H]([C@]2(C[C@H](N1CCCCC1)[C@H](C[C@@H]2CC3)OC(=O)C)C)CC4)C[C@@H]([C@@H]5OC(=O)C)[N+]6(C)CCCCC6)C,0
[S](O)(OC(CC(C)C)CCC(CC)CCCC)(=O)=O,0
C2=CC(=C1NC(C=CC1=C2[C@H](CNC3CC4=C(C3)C=C(C(=C4)CC)CC)O)=O)O,0
[C@]235C1=C4C=CC(=C1O[C@H]2[C@@H](OC(=O)C)C=C[C@H]3[C@@H](C4)N(CC5)C)OC(=O)C,1
[C@]34([C@H]([C@@H]2C=CC1=CC(CC[C@]1([C@@H]2CC3)C)=O)CC[C@@H]4C(=O)C)C,0
[S](C1=CC=C(CN)C=C1)(=O)(=O)N,0
N2(C1=C([NH]C=N1)C(N(C2=O)C)=O)C.N4(C3=C([NH]C=N3)C(N(C4=O)C)=O)C,1
C5=CC(=C4C(=O)C1=C(C(=C3C(=C1O)[C@@H](O[C@H]2C[C@@H]([C@@H]([C@@H](O2)C)O)NC(C(F)(F)F)=O)C[C@@](C(COC(=O)CCCC)=O)(O)C3)O)C(=O)C4=C5)OC,0
N1=C[N](C2=C1[C@@H](CNC=N2)O)[C@H]3C[C@H](O)[C@@H](CO)O3,0
[C@@H]1([C@H]([C@@H]([C@@H](Cl)[C@H]([C@@H]1Cl)Cl)Cl)Cl)Cl,0
[N]12C(=C(C)N=C1CCC)C(=O)N=C(N2)C3=CC(=CC=C3OCC)[S](N4CCN(CC4)CC)(=O)=O,0
CC(C)[C@@H](C)\C=C\[C@@H](C)[C@H]1CC[C@@H]\2[C@]1(C)CCCC2=C\C=C3\C[C@@H](O)CCC3=C,0
C[C@H]1[C@@H]([C@H]([C@H]([C@@H](O1)OC[C@@H]2[C@H]([C@@H]([C@H]([C@@H](O2)OC3=CC(=C4C(=C3)OC(=CC4=O)C5=CC(=C(C=C5)OC)O)O)O)O)O)O)O)O,0
C(C3(C[C@H](C(OC2=CC=C1CCCC1=C2)=O)COCCOC)CCCC3)(N[C@@H]4CC[C@H](C(=O)O)CC4)=O,0
N(CCCl)(CCCl)C,0
O=C1N2N(C(=O)C1CCC)C(=NC3=CC=C(C=C23)C)N(C)C,0
O=C3C1=C([N](C2=C1C=CC=C2)C)CCC3C[N]4C(=NC=C4)C,1
[C@]25([C@H]([C@@H]1CC[C@@H]4[C@@]([C@H]1CC2)(C[C@H](N3CCCCC3)[C@H](C4)OC(=O)C)C)C[C@@H]([C@@H]5OC(=O)CC)[N+]6(CC=C)CCCCC6)C,0
[S](NC1=NC=C(C=N1)OC)(C2=CC=C(C=C2)N)(=O)=O,0
NC13CC2(CC(C1)(C)CC(C2)C3)C,1
C(C(OC(F)F)F)(F)(F)F,1
C(CC(N1CCCCC1)C)(C(=O)CC)(C2=CC=CC=C2)C3=CC=CC=C3,1
C(C1=CC=C(C=C1)C([N]2N=CN=C2)C3=CC=C(C=C3)C#N)#N,0
C(C1=C(O)C=CC=C1)(OC2=C(C(=O)O)C=CC=C2)=O,1
C2(C(C(CCN1CCOCC1)CN2CC)(C3=CC=CC=C3)C4=CC=CC=C4)=O,1
C1CC(CCN1C)OC(C2=CC=CC=C2)C3=CC=CC=C3,1
[C@]135[C@@]6([C@H](N(CC1)CC2CC2)CC4=C3C(=C(O)C=C4)O[C@H]5C(CC6)=O)O,1
[C@@]23(C(=C1C(C5=C([C@]([C@H]1C[C@H]2[C@@H](C(=C(C3=O)C(NCN4CCCC4)=O)O)N(C)C)(O)C)C=CC=C5O)=O)O)O,0
O=C1NC(=O)N(C=C1C)[C@H]2O[C@@H](CO)[C@@H](C2)O,0
C4C[C@@H]2[C@](CC[C@@H]3[C@]1(CCC(C=C1C[C@H]([C@@H]23)SC(C)=O)=O)C)([C@]45CCC(=O)O5)C,0
O=C1N=C(N)C(=CN1[C@H]2O[C@@H](CO)SC2)F,0
C1=CC=C3C(=C1)N=C(C2=C(C=CC(=C2)Cl)O3)N4CCNCC4,1
C(CC1=CC=CC=C1)(N)(C)C,1
S2C1=CC=C(C=C1N(C3=CC=CC=C23)CCCN4CCN(CC4)C)C(F)(F)F,1
N[S](=O)(=O)C2=C(Cl)C=C(NCC1=CC=CO1)C(=C2)C(O)=O,0
C1=CC=C2C(=C1)[C@H](CC[C@H]2C3=CC=C(C(=C3)Cl)Cl)NC,1
C1(=C(C(=NO1)C)C)N([S](C2=CC=C(C=C2)N)(=O)=O)C(=O)C,0
C13=C(C(=O)C2=C(C1=O)C(=CC=C2O)O)C(=CC=C3NCCNCCO)NCCNCCO,0
[S](NC(NC(C)C)=O)(C2=C(NC1=CC(=CC=C1)C)C=CN=C2)(=O)=O,0
O=C(C3=CC=C(C(=C)C1=CC2=C(C=C1C)C(CCC2(C)C)(C)C)C=C3)O,0
BrC1=CN=CC(=C1)C(OC[C@@H]2C[C@@]3(OC)[C@H](N(C2)C)CC4=C[N](C5=CC=CC3=C45)C)=O,1
C(C(CS)S)O,0
COC1=CC=CC3=C1C(C2=C(C4=C(C(=C2C3=O)O)C[C@](O)(C[C@@H]4O[C@H]5C[C@H](N)[C@@H](O)[C@H](C)O5)C(=O)CO)O)=O,0
[C@@H]4(C(N(C(=O)NCC)CCCN(C)C)=O)C[C@@H]3C1=CC=CC2=C1C(=C[NH]2)C[C@H]3N(C4)CC=C,1
C(F)(C(F)(F)OC(F)F)Cl,0
S3[C@H]1N(C(=O)[C@H]1NC(=O)C2=C(OC)C=CC=C2OC)[C@H](C3(C)C)C(O)=O,0
OC(C1=CN(CC)C2=C(C1=O)C=CC(=N2)C)=O,0
C12=C(N=CN=C1C=CC(=C2)C3=CC=C(O3)CNCC[S](=O)(=O)C)NC5=CC=C(OCC4=CC=CC(=C4)F)C(=C5)Cl,0
N1(C3=C(CCC2=C1C=CC=C2)C=CC=C3)CCCNC,1
[C@@H]1(C=C([C@H]([C@@H]([C@H]1O)O)O)CO)N[C@H]2[C@@H]([C@H]([C@H](O[C@@H]2C)O[C@H]3[C@@H]([C@H]([C@H](O[C@@H]3CO)O[C@H]4[C@@H]([C@H]([C@H](O)O[C@@H]4CO)O)O)O)O)O)O,0
N2(C(C(C1=CC=CC=C1)(C)CC2=O)=O)C,1
N2(C1=NC=CC=C1C(=O)NC3=C2N=CC=C3C)C4CC4,0
N1=CC(=CC(=C1C2=CC=C(C)N=C2)C3=CC=C(C=C3)[S](=O)(=O)C)Cl,0
C1CC(=O)C=C2CC[C@@H]3[C@@H]([C@@]12C)CC[C@]4([C@H]3CC[C@@H]4C(=O)C)C,0
C1(C(NCNC1=O)=O)(C2=CC=CC=C2)CC,1
C56(C3=NC(=CC1=C(C(=C([NH]1)C=C2C(=C(C(=N2)C=C4[NH]C(=C3)C(=C4CCC(=O)O)C)CCC(=O)OC)C)C=C)C)C5=CC=C(C6C(=O)OC)C(=O)OC)C.C%11%12(C9=NC(=CC7=C(C(=C([NH]7)C=C8C(=C(C(=N8)C=C%10[NH]C(=C9)C(=C%10CCC(OC)=O)C)CCC(=O)O)C)C=C)C)C%11=CC=C(C%12C(=O)OC)C(=O)OC)C,0
[N+](C)(CCOC(N)=O)(C)C,0
C1=CC=C(C=C1)COCC(C(=O)O)N(CCN(CCN(CC(=O)O)CC(=O)O)CC(=O)O)CC(=O)O,0
C12=C(C=C(S1)[S](=O)(=O)N)[C@H](C[C@@H]([S]2(=O)=O)C)NCC,0
C34=C(C2=C([C@@H](O[C@@H]1O[C@@H](C)[C@H]([C@H](C1)N)O)C[C@@](C2)(C(=O)C)O)C(=C3C(=O)C5=C(C4=O)C=CC=C5)O)O,0
C2=C(CCNC(N1C(C(=C(C1)C)CC)=O)=O)C=CC(=C2)[S](=O)(=O)NC(N[C@@H]3CC[C@H](CC3)C)=O,0
N23C([C@@H](NC([C@@H](C1=CC=CC=C1)N)=O)[C@H]2SCC(=C3C(=O)O)Cl)=O,0
C(CN(CCO)C1=NC(=C2C(=N1)C(=NC(=N2)N(CCO)CCO)N3CCCCC3)N4CCCCC4)O,0
OCC,0
N(CC1=CC=CC=C1)(C(COC2=CC=CC=C2)C)CCCl,0
O(CC(C1=CC=CC=C1)COC(=O)N)C(=O)N,1
C1(=CC=C(C=C1Cl)Cl)\C(=C(\[N]2C=CN=C2)C)OCCOC3=CC=C(C=C3)Cl,0
C1(=NC2=C([N]1CCOCC)C=CC=C2)N3CCN(C)CCC3,0
S3[C@H]1N(C(=O)[C@H]1NC(=O)\C(=N/OC)C2=CSC(=N2)N)C(=C(C3)C)C(OCOC(=O)C(C)(C)C)=O,0
C1(=CC2=C(O1)C=CC(=C2)N3CCN(CC3)CCCCC4=C[NH]C5=C4C=C(C#N)C=C5)C(=O)N,1
C(C1=CC=CC(=C1)Cl)(C(NC(C)(C)C)C)=O,1
C(COC)CN2C[C@@H](C1=C(SC(=C1)[S](N)(=O)=O)[S]2(=O)=O)NCC,0
C([C@@H](N1CCC2=C(C1)C=CS2)C3=CC=CC=C3Cl)(=O)OC,0
C12(OC(CNC(=N)N)CO1)CCCCC2,0
[C@H]1([C@H]([C@H](C[C@@](O)([C@H]1O)CO)NC(CO)CO)O)O,0
O[C@@H]1[C@H](O)[C@@H](O)[C@H](O)[C@H](O1)CO,0
C12=C(C(=O)N(C(N1C)=O)C)[N](C)C=N2,1
C1=C3C(=CC(=C1O[C@@H]2COCC2)NC(\C=C\CN(C)C)=O)C(=NC=N3)NC4=CC(=C(C=C4)F)Cl,0
N1=CC=CC=C1\C(C2=CC=C(C=C2)C)=C\CN3CCCC3,1
C12=C(N=C[N]1COC(CO)CO)C(NC(=N2)N)=O,0
C1(=CC=C(C(=C1Cl)Cl)OCC(O)=O)C(C(=C)CC)=O,0
C([C@@H]1[C@H]([C@@H]([C@H]([C@H](O1)O)[18F])O)O)O,0
CCCC1=C[N](C2=C1NC(=NC2=O)C3=C(C=CC(=C3)[S](=O)(=O)N4CCN(CC4)CCO)OCCC)CC,0
[C@H]4(O)C1=CC(=CC=C1N(C(=O)C3=C(C=C(NC(=O)C2=C(C=CC=C2)C)C=C3)C)CCC4)Cl,0
[C@]25([C@H]([C@@H]1CC[C@@H]4[C@@]([C@H]1CC2)(C[C@H](N3CC[N+](CC3)(C)C)[C@H](C4)OC(=O)C)C)C[C@@H]([C@@H]5OC(=O)C)N6CC[N+](CC6)(C)C)C,0
C(C1=CC(=CC=C1)\C(C2=CC=CN=C2)=N/OCCCCC(=O)O)(F)(F)F,0
O3CCN(CCNC1=C(C=C(N=N1)C2=CC=CC=C2)C)CC3,0
[S](NC1=NC(=O)N(C=C1)CC)(C2=CC=C(C=C2)N)(=O)=O,0
C1=CC=CN=C1\C=C\C2=N[NH]C3=C2C=CC(=C3)SC4=C(C=CC=C4)C(=O)NC,0
CCCC(COC(NC(C)C)=O)(C)COC(N)=O,1
O=C1NC(=NC2=C1N(C(CN2)CNC3=CC=C(C(=O)NC(C(O)=O)CCC(O)=O)C=C3)C=O)N,0
[C@@H]1([C@]([S]([C@@H]2CC(=O)N12)(=O)=O)(C)C[N]3C=CN=N3)C(=O)O,0
N1([C@H](C(=O)O)CSC1)C(=O)OCC,0
S([C@H]1O[C@@H]([C@H](O)[C@H](O)[C@H]1O)[C@H](NC(=O)[C@H]2N(C[C@@H](C2)CCC)C)[C@H](O)C)C,0
C1=CC=C5C(=C1)N=C(C(=O)N[C@H](C(=O)N[C@H]([C@@H](CN2[C@@H](C[C@H]3[C@@H](C2)CCCC3)C(=O)NC(C)(C)C)O)CC4=CC=CC=C4)CC(=O)N)C=C5,0
BrC1=CC(=CC(=C1N)CN(C2CCCCC2)C)Br,0
C1=CC=CC(=C1)CCCC(=O)OCC(COC(=O)CCCC2=CC=CC=C2)OC(=O)CCCC3=CC=CC=C3,0
C3(C(N=C(C1=CC=CC=C1)C2=CC(=CC=C2N3)Cl)C(O)=O)=O,1
N(C#N)=C(NC)NCCSCC1=C([NH]C=N1)C,0
C12=C([NH]C(=C1CC)C)CCC(C2=O)CN3CCOCC3,1
[C@@H]([C@H]2[C@H](C[C@@H]1[C@@H](O)[C@@H](O)[C@@H](OC1)C\C(=C\C(=O)OCCCCCCCCC(O)=O)C)O2)([C@H](C)O)C,0
[N]1(C(=C(C)C2=C1C=CC(=C2)O)C3=CC=C(O)C=C3)CC5=CC=C(OCCN4CCCCCC4)C=C5,0
O=C(C1=CC=C([N]1C)CC(O)=O)C2=CC=C(C=C2)C,1
[C@@H]1(C[N+]2(CCC1CC2)CCCOC3=CC=CC=C3)OC(C(C4=CC=CS4)(C5=CC=CS5)O)=O,0
C1(=C(C=NN(C1=O)C)N2CCOCC2)OCC,0
ClC1=C(C(=CC=C1)NC(=O)C2=CC=CC=C2)CN(CC(=O)N3CCOCC3)C,0
ClC2=CC=C(N1C(N=C(N=C1N)N)(C)C)C=C2.ClC4=CC=C(N3C(N=C(N=C3N)N)(C)C)C=C4,0
C1(C(=C(C)N(N1C2=CC=CC=C2)C)N(C)C)=O,0
N(C1=NC=CC=C1)(CC2=CC=CC=C2)CCN(C)C,1
C1([C@H]2CC[C@@H]([C@@]1(C)NC)C2)(C)C,0
N2=C[N](CC1=CC(=CC(=C1)C(C#N)(C)C)C(C#N)(C)C)N=C2,0
C(O)(=O)C(CCC)CCC,1
C12=CC(=CC=C1NC(=O)CN=C2C3=CC=CC=C3)Cl,1
O([C@@H]5[C@@]4([C@H]([C@H]1[C@@H]([C@@]3([C@@H](CC1)C[C@H](OC(=O)C)[C@@H]([N+]2(CCCCC2)C)C3)C)CC4)C[C@@H]5[N+]6(CCCCC6)C)C)C(=O)C,0
N12[C@H](SC([C@@H]1C(OC(OC(=O)OCC)C)=O)(C)C)[C@@H](C2=O)NC([C@@H](C3=CC=CC=C3)N)=O,0
O(C1=CC(=CC(=C1)OC(=O)N(C)C)C(O)CNC(C)(C)C)C(=O)N(C)C,0
C1(=CC(=CC=C1C2=CC=CC=C2)C(C(O)=O)C)F,1
[C@@]3(C1=C(C2=C([NH]1)C=CC=C2)CC[N@]4C[C@@H](C3)C[C@@](C4)(O)CC)(C9=CC5=C(N(C)[C@H]6[C@](C(=O)N)(O)[C@@H]([C@]8([C@H]7[C@@]56CCN7CC=C8)CC)O)C=C9OC)C(=O)OC,0
O=C1NC(=NC2=C1N=C(C=N2)CNC3=CC=C(C(=O)N[C@H](C(O)=O)CCC(O)=O)C=C3)N,0
C1(C(NC(NC1=O)=O)=O)(CC(C)C)CC=C,1
C2(C(N(C)C)CC(C)C)(C1=CC=C(C=C1)Cl)CCC2,1
C1(=NC(C(=O)N(C2=C1C=C(C=C2)Cl)CCC#N)O)C3=CC=CC=C3F,1
C(C[C@H](CN)CC(O)=O)(C)C,1
[N+]35([C@H]4C[C@H](OC(C(C1=CC=CC=C1)(C2=CC=CC=C2)O)=O)C[C@@H]3CC4)CCCC5,1
C2[C@@H](CC1=CC[C@@H]3[C@@H]([C@]1(C2)C)CC[C@@]4(C(=CC[C@@H]34)C5=CC=CN=C5)C)OC(C)=O,0
C1(=CC=C(S1)C(N\N=C\C=C\C2=CC=C(O2)[N+]([O-])=O)=O)[N+]([O-])=O,0
O=C(C3=CN(C1CC1)C2=CC(=C(C=C2C3=O)F)N4CCNCC4)O,0
C12=C(C(=C(OC)C(=C1COC2=O)C)C\C=C(\CCC(O)=O)C)O,0
[S](NC1=NC(=C(O1)C)C)(C2=CC=C(N)C=C2)(=O)=O,0
[C@H]1([C@@H]([C@@H](O)[C@@H]([C@H](O1)CN)O)O)O[C@H]3[C@@H]([C@@H](O[C@@H]2[C@@H]([C@@H](N)[C@@H]([C@H](O2)CO)O)O)[C@@H](C[C@@H]3N)N)O,0
C(C(CCCOC1=CC(=CC=C1C)C)(C)C)(=O)O,0
C1=NC(=C([NH]1)N=NN(C)C)C(=O)N,0
C2(=C(C=C1NC(N[S](=O)(=O)C1=C2)C3C4C=CC(C3)C4)Cl)[S](N)(=O)=O,0
C(CC[S+](C)C)(NC1=CC=C(OCC(O)COCC)C=C1)=O,0
C1=CC=C2C(=C1CC)[NH]C3=C2CCOC3(CC)CC(O)=O,1
C(C1=C(C=C(C=C1)F)F)(O[P](=O)(O)O)(C[N]2N=CN=C2)C[N]3N=CN=C3,0
N2(C1=CC(=CC=C1SC3=C2C=CC=C3)C(=O)CC)CCCN4CCN(CCO)CC4,1
N3(C(C(C1=CC=CC=C1)(C2=CC=CC=C2)NC3=O)=O)CO[P+](O)(O)[O-],1
[S](O)(=O)(=O)CCCNC(=O)C,1
CC2=C1CC[C@@](CCC[C@@H](CCC[C@@H](CCCC(C)C)C)C)(OC1=C(C(=C2OC(C)=O)C)C)C,0
C24=C(C1=C(C=CC=C1)CC3=C2C=CC=C3)CCN(C4)C,1
C[C@@H]4C[C@H]3[C@@H]2C[C@H](F)C1=CC(=O)C=C[C@]1(C)[C@@]2(F)[C@@H](O)C[C@]3(C)[C@@]4(OC(=O)C5=CC=CO5)C(=O)SCF,0
N1(C(C3=C2[C@@H](C1)CCCC2=CC=C3)=O)[C@@H]4CN5CCC4CC5,1
C1(=C(NC(=O)C(NCCC)C)C(=CS1)C)C(=O)OC,0
C1=C[N](C=N1)CC([P](O)(=O)O)([P+]([O-])(O)O)O,0
[C@]34([C@H]([C@@H]2CCC1=CC(CC[C@@H]1[C@H]2CC3)=O)C=C[C@]4(C#C)O)CC,0
[*]OC2=C(C(=C1OC(CCC1=C2C)(CCC[C@@H](CCC[C@@H](CCCC(C)C)C)C)C)C)C,0
N1=C(NC(=O)C(C1=O)(CCC(C)C)CC)O,1
C1=CC(=CC=C1OCC(COC(N)=O)O)Cl,1
CC1=NC(=CC(=N1)N2CCN(CCO)CC2)NC3=NC=C(S3)C(=O)NC4=C(C)C=CC=C4Cl,0
[C@]34([C@H]([C@@H]2CCC1=C\C(=N\O)CC[C@@H]1[C@H]2CC3)CC[C@]4(C#C)O)CC,0
N1(C(OC(C1=O)(CC)C)=O)C,1
C1(CN(C(O1)=O)C2=CC(=CC=C2)C)CO,1
[C@H]1([C@H]([C@H](O)[C@H](O[C@@H]1OC)CNC(N(N=O)CCCl)=O)O)O,0
[N]1(C=NC(=C1)C)C2=CC(=CC(=C2)C(F)(F)F)NC(C3=CC=C(C)C(=C3)NC4=NC=CC(=N4)C5=CN=CC=C5)=O,0
O=C(N)C2=CC=C1[NH]C3=C(C1=C2)C[C@H](NC)CC3,1
CCCC1=N[N](C2=C1NC(=NC2=O)C3=C(C=CC(=C3)[S](=O)(=O)NCCC4CCCN4C)OCCC)C,0
C(C=NC(CC1=CC=CC=C1)C)(Cl)(Cl)Cl,0
C1(=O)N(C=C(C(N1)=O)I)[C@@H]2O[C@H](CO)[C@H](C2)O,0
[S](NC(NC1CCCCC1)=O)(C3=CC=C(CCNC(C2=NC=C(C)N=C2)=O)C=C3)(=O)=O,0
C13=C(C=CC2=C1CCO2)CC[C@H]3CCNC(=O)CC,1
C2(OC(=O)C1=CC=CC=C1O2)(OC3=C(OC)C=CC=C3)C,0
N1(C3=C(C(=NCC1=S)C2=CC=CC=C2F)C=C(C=C3)Cl)CC(F)(F)F,1
N3(CCC(C1=CC=CC=C1)(C2CCCCC2)O)CCCCC3,1
[C@@]5(C1=CC=C(Cl)C=C1Cl)(C[N]2N=CN=C2)O[C@@H](COC4=CC=C(N3CCN(CC3)C(C)C)C=C4)CO5,0
C1=CC=CC2=C1CC(N2NC(C3=CC(=C(C=C3)Cl)[S](N)(=O)=O)=O)C,0
[C@H]23[C@H]4[C@](C1=C(C=CC(=C1)O)C2)(CCN3CC=C)CCCC4,1
CC(=O)NO,0
C1(=CC(=CC=C1OC)OC)C(C(N)C)O,0
C1(=C(C(=C(N=C1C(C)C)C(C)C)COC)C2=CC=C(C=C2)F)\C=C\[C@H](C[C@H](CC(O)=O)O)O,0
C1(=C(OC2=C1C=C(N[S](=O)(=O)C)C=C2)CCCC)C(C3=CC=C(C=C3)OCCCN(CCCC)CCCC)=O,0
[C@]14([C@@](C#C)(OC(=O)C)CC[C@H]1[C@@H]3CCC2=C\C(CC[C@@H]2[C@H]3CC4)=N\O)CC,0
N12C([C@H]([C@H]1SC([C@@H]2C(O)=O)(C)C)NC([C@H](NC(N3CCN(C3=O)[S](=O)(C)=O)=O)C4=CC=CC=C4)=O)=O,0
[S](N(C[C@@H](O[P+](O)(O)[O-])[C@@H](NC(O[C@H]1CCOC1)=O)CC2=CC=CC=C2)CC(C)C)(C3=CC=C(N)C=C3)(=O)=O,0
C2=CC=C1N=C([N](C1=C2)CC3=CC=C(C=C3)F)N5CCC(N(C4=NC=CC(N4)=O)C)CC5,0
C3C1=NN=C[N]1C2=C(C=C(C=C2)Cl)C(=N3)C4=CC=CC=C4,1
O[C@@]5([C@@]3([C@H]([C@H]2C(=C1C(=CC(=O)CC1)CC2)[C@H](C3)C4=CC=C(N(C)C)C=C4)CC5)C)C#CC,0
[S](NC1=CC=C(C(CNC(C)C)O)C=C1)(=O)(=O)C,0
C12C(C(NCC)C(C1)CC2)C3=CC=CC=C3,0
N(C(CC1=C(N=C(N(C1=O)CC2=CC=C(C=C2)C3=C(C=CC=C3)C4=NN=N[NH]4)CCCC)C)=S)(C)C,0
COC(F)(F)C(Cl)Cl,0
[C@H]12SCC(=C(N1C(=O)[C@H]2NC(=O)[C@H](N)C3=CC=C(O)C=C3)C(O)=O)\C=C\C,0
S3[C@H]1N(C(=O)[C@H]1NC(=O)\C(=N/OC)C2=CSC(=N2)N)C(=C(C3)\C=C/C4=[SH]C=NC4C)C(=O)O,0
CC1=C(SC=C1)C(=CCCN2CCC[C@H](C2)C(=O)O)C3=C(C=CS3)C,1
C1(=C(C(=CC=C1)C)C)[C@@H](C2=C[NH]C=N2)C,1
C13=C[C@@H](C[C@@H]([C@@H]1[C@@H](CC[C@H]2OC(=O)C[C@@H](C2)O)[C@H](C=C3)C)OC(=O)[C@H](CC)C)C,0
C(=C\[C@H](C[C@H](CC(O)=O)O)O)/C1=C(C2=C([N]1C(C)C)C=CC=C2)C3=CC=C(C=C3)F,0
C1=C(C=CC=C1)N5C4(CCN(CCCC(C2=CC=C(C=C2)F)C3=CC=C(C=C3)F)CC4)C(NC5)=O,1
N12C(=O)[C@H]([C@H]1SCC(=C2C(O)=O)COC(=O)C)NC(\C(C3=CSC(=N3)N)=N/OC)=O,0
O1[C@@]2(CCC[C@@H]([C@@H]([C@H](C(=O)C([C@H](CC(N[C@@H](C[C@H]12)\C(=C\C3=CSC(=N3)C)C)=O)O)(C)C)C)O)C)C,0
CC1=C(C(CC(C1)O)(C)C)C=CC(=CC=CC(=CC=CC=C(C)C=CC=C(C)C=CC2C(=CC(CC2(C)C)O)C)C)C,0
S1C(=CC=C1)C8O[C@@H]7[C@H](OC(O[C@H]2[C@@H]6[C@@H]([C@@H](C4=C2C=C3OCOC3=C4)C5=CC(=C(O)C(=C5)OC)OC)C(OC6)=O)[C@H](O)[C@H]7O)CO8,0
C12=CC(=C(OC)C=C1CC(C2=O)CC3CCN(CC3)CC4=CC=CC=C4)OC,1
[S](NC1=NC=CS1)(C2=CC=C(C=C2)N)(=O)=O,0
ClC2=CC(=C([N]1N=C(N=C1CNC(=O)CN)C(=O)N(C)C)C=C2)C(=O)C3=CC=CC=C3Cl,0
[C@@]134CCCC[C@@]1(O)[C@H](N(CC2CCC2)CC3)CC5=C4C=C(O)C=C5,1
NCCCNCCCCNCCCN,0
C2(C1=C(C=CC=C1)C(CCCC)O2)=O,0
C1(C(=CNC(N1)=O)N(CCCl)CCCl)=O,0
S3[C@H]1N(C(=O)[C@H]1NC(=O)\C(=N/OC(C(=O)O)(C)C)C2=CSC(=N2)N)C(=C(C3)C[N+]4=CC=CC=C4)C(O)=O,0
C1(=C(C(=C(C=C1I)I)NC(=O)CCC)I)CC(C(O)=O)CC,0
[C@@H]1([C@@H]([C@@H](N(C)C)C[C@H](O1)C)O)O[C@@H]2[C@H]([C@@H]([C@H](C(O[C@H](CC)[C@]([C@@H]([C@H](C([C@@H](C[C@]2(OC)C)C)=O)C)O)(O)C)=O)C)O[C@H]3C[C@](OC)(C)[C@H]([C@@H](O3)C)O)C,0
[C@]234C1=C(C=CC(=C1)OC)C[C@@H]([C@H]2CCCC3)N(CC4)C,1
[S](CCNC(C1=CC=CS1)=O)(=O)(=O)O,0
N2(C(C1=C(C=CC=C1)N(C3=C2C=CC=C3)C)=O)CCN(C)C,1
[C@]135[C@]4(O)[C@@H](CC2=C1C(=C(C=C2)OC)O[C@H]3C(CC4)=O)N(C)CC5,1
C1(=C(C=C(Cl)C=C1)Cl)C(C[N]2C=CN=C2)OCC3=CC=C(C=C3)SC4=CC=CC=C4,0
[S](=O)(=O)(N)CC1=NOC2=C1C=CC=C2,1
[N]3([C@H]1[C@@H]([C@H](O)[C@H](O1)CO[P](O)(=O)O)O)C2=C(C(=NC=N2)N)N=C3,0
C1=CC(=CC=C1[S](N=C(N)N)(=O)=O)N,0
C13=C(C2=C([NH]1)C=CC=C2)CCN5[C@H]3C[C@@H]4[C@@H](C(=O)OC)[C@@H](O)CC[C@H]4C5,0
C14=C(NC3=C(N=C1N2CCN(CC2)C)C=CC=C3)SC(=C4)C,1
OC(C1=CC=C(O)C(=C1)CO)CNC(C)(C)C,0
[S]1(N(C(=C(O)C2=CC=CC=C12)C(NC3=NC=CC=C3)=O)C)(=O)=O,1
[C@H]1([C@H](O[C@H](C1(F)F)N2C=CC(=NC2=O)N)CO)O,0
N12C(=O)[C@H]([C@H]1SCC(=C2C(O)=O)CSC3=NN=C(S3)C)NC(C[N]4N=NN=C4)=O,0
[S]2(C1=C(C=C(C(=C1)[S](=O)(=O)N)Cl)N=C(N2)CSCC3=CC=CC=C3)(=O)=O,0
N1(C3=C(CCC2=C1C=CC=C2)C=CC=C3)CCCN(C)C,1
N23C([C@@H](NC(=O)CSC1=CC=NC=C1)[C@H]2SCC(=C3C(=O)O)COC(=O)C)=O,0
C1=CC=CC(=N1)C(C2=CC=C(C=C2)Br)CCN(C)C,1
N34C(N(CCCN1CCN(CC1)C2=CC=CC(=C2)Cl)N=C3C=CC=C4)=O,1
C1=C(C=C2C(=C1)C=C(C=C2)CCC(C)=O)OC,1
N12C(=O)[C@H]([C@H]1SCC(=C2C(=O)O)C)NC([C@@H](C3=CC=CC=C3)N)=O,0
C(=N)(NCCN1CCCCCCC1)N,0
[C@H]1(C(C)(C)C1)C(N\C(C(O)=O)=C/CCCCSC[C@@H](C(=O)O)N)=O,0
N2([C@H]1[C@H](O)[C@H](O)[C@H](O1)CO)C(=O)N=C(N=C2)N,0
[S](C1=CC=C([S](O)(=O)=O)C=C1C(=C2C=CC(=[N+](CC)CC)C=C2)C3=CC=C(N(CC)CC)C=C3)(O)(=O)=O,0
C2=C(C1=C(C=CC(=C1)Cl)SC3=C2C=CC=C3)OCCN(C)C,1
C([C@H]3CN(CCC2=CC=C1OCCC1=C2)CC3)(C(=O)N)(C4=CC=CC=C4)C5=CC=CC=C5,1
[N]1(C(=CN=C1CCCC)\C=C(\C(=O)O)CC2=CC=CS2)CC3=CC=C(C(=O)O)C=C3,0
[S](NC(NN1CCCCCC1)=O)(C3=CC=C(CCNC(C2=NOC(=C2)C)=O)C=C3)(=O)=O,0
ClC3=CC1=C(C(=CC=N1)NC2=CC(=C(O)C=C2)CN(CC)CC)C=C3,0
C1(C(C(NC(N1)=O)=O)(C2=CC=CC=C2)CC)=O,1
C12=CC(=CC=C1NC(=O)CN=C2C3=CC=CC=C3)[N+]([O-])=O,1
C1(=NC=CC2=CC(=C(C=C12)OC)OC)CC3=CC(=C(C=C3)OC)OC,0
C(Cl)C1OC1.C(NCCNCCN)CNCCN,0
C13=C(N=C[N]1C2=C(C(=CC=C2)I)C(N(C3)C)=O)C(=O)OCC,1
N2(C([C@@H](N[C@H](C(=O)OCC)CCC1=CC=CC=C1)C)=O)[C@H](C(=O)O)CCC2,0
N12C(=O)[C@H]([C@H]1SCC(=C2C(O)=O)COC(=O)C)NC(CC#N)=O,0
C([P](O)(=O)O)([P+]([O-])(O)O)(CCN(CCCCC)C)O,0
S2C1=C(Cl)C=CC=C1C(=C2)COC(C3=C(C=C(C=C3)Cl)Cl)C[N]4C=NC=C4,0
O=C(N1C[C@@H]2[C@H](C1)CCCC2)C[C@@H](C(O)=O)CC3=CC=CC=C3,0
C(=NC)(NCC1=CC=CC=C1)NC,0
N12[C@H](SC([C@@H]1C(O)=O)(C)C)[C@@H](C2=O)NC(C(C(=O)O)C3=CC=CC=C3)=O,0
[S](NC1=C(C(=NO1)C)C)(C2=CC=C(C=C2)N)(=O)=O,0
[C@]1([C@H](C1)CN)(C(N(CC)CC)=O)C2=CC=CC=C2,1
[C@@]2(C(N3C(=C(CSC1=NN=N[N]1C)CS[C@H]23)C(O)=O)=O)(NC([CH]4S[C](=[C](C(O)=O)C(=O)N)S4)=O)OC,0
C2(=NC(=NC3=NC(=C(C1=CC=CC=C1)N=C23)N)N)N,0
C([C@@H](N)CS)(=O)O,0
C1=CC(=C5C(=C1)C(C2=C(C(=C3C(=C2O)C[C@@](C[C@@H]3O[C@@H]4O[C@H]([C@H]([C@H](C4)N)O)C)(O)C(C)=O)O)C5=O)=O)OC,0
[C@@]1(C(=O)N2[C@@H]1SCC(=C2C(O)=O)CSC3=NN=N[N]3C)(NC(=O)CSCC#N)OC,0
N2(C1=C(C=CC(=C1)[S+]([O-])C)SC3=C2C=CC=C3)CCC4N(C)CCCC4,1
C1(=CC=C2C(=C1)[C@H](CNCC2)C)Cl,0
C2[C@@H](C[C@H]1CC[C@@H]3[C@@H]([C@@]1(C)C2)CC[C@]4([C@@]3(CC[C@@H]4C5=CC(OC5)=O)O)C)O[C@H]6C[C@@H]([C@@H]([C@H](O6)C)O[C@@H]7O[C@@H]([C@H]([C@H](C7)O)O[C@H]8C[C@@H]([C@@H]([C@H](O8)C)O)O)C)O,0
N(CCOC(C1=CC=C(Br)C=C1)C2=CC=CC=C2)(C)C,1
C2=CC1=NC(=C([N]1C=C2Cl)CC(N(CCC)CCC)=O)C3=CC=C(C=C3)Cl,1
C1=CC(C(=C(N1C)C)O)=O,0
[C@@]12(C3=C(N([C@H]1N(CC2)C)C)C=CC(=C3)OC(NC)=O)C,0
C(C(OCC(CCCC)CC)=O)(C#N)=C(C1=CC=CC=C1)C2=CC=CC=C2,0
CC(=O)OCC1=C(N3[C@H](SC1)[C@H](NC(=O)CC2=CC=CS2)C3=O)C(=O)O,0
[C@@H]1(CO)[C@H]([C@H](O)[C@H]([C@H](O1)O)NC(N(C)N=O)=O)O,0
C13=C(C(C(=CN1C2=CC=C(F)C=C2F)C(=O)O)=O)C=C(C(=N3)N4CC(N)CC4)F,0
C2(=C(C=C1C(=O)C(=CN(CC)C1=C2)C(O)=O)F)N3CCNCC3,0
N(C(\C=C\C)=O)(C1=C(C)C=CC=C1)CC,0
N2(C1=C(C=CC=C1)SC3=CC=CC=C23)CC(C)CN(C)C,1
N15C(=NC(=C(C1=O)CCN4CCC(C2=NOC3=CC(=CC=C23)F)CC4)C)C(O)CCC5,1
C(OC1=CC(=CC=C1)[C@H](C)N(C)C)(N(CC)C)=O,1
[C@]34([C@H]([C@@H]2CCC1=CCCCC1[C@H]2CC3)CC[C@]4(CC=C)O)C,0
IC1=C(C(=C(NC(=O)C)C(=C1NC(=O)C)I)I)C(O)=O,0
C12=C([N](C)N=C1C=C(C=C2)N(C3=NC(=NC=C3)NC4=CC(=C(C=C4)C)[S](=O)(=O)N)C)C,0
C(NC1=CC=C(C=C1N)NCC2=CC=C(C=C2)F)(=O)OCC,1
C15=C(CCC(N1CC2=CC=C(C=C2)C3=CC=CC=C3C4=NN=N[NH]4)=O)C(=NC(=N5)C)C,0
N1=C(C=C([N]1C2=CC=C([S](=O)(=O)N)C=C2)C3=CC=C(C)C=C3)C(F)(F)F,1
O[C@@]4([C@@]3([C@H]([C@H]2C(=C1C(=CC(=O)CC1)CC2)C=C3)CC4)CC)C#C,0
[S+]([O-])(CCCC(F)(F)C(F)(F)F)CCCCCCCCC[C@H]3[C@H]2[C@H]1[C@@]([C@@H](O)CC1)(CC[C@@H]2C4=C(C3)C=C(O)C=C4)C,0
[S](=O)(=O)(NC(=O)C)C1=CC=C(N)C=C1,0
C1(=CC(=C(OC)C(=C1)OC)OC)\C=C\C(O[C@H]6[C@@H]([C@H]([C@H]5C[C@@H]4C3=C(C2=CC=C(C=C2[NH]3)OC)CCN4C[C@H]5C6)C(OC)=O)OC)=O,0
OCCCCCCCCCCCCCCCCCCCCCC,0
C1(=NC2=C(C(=N1)N)N=C[N]2[C@H]3C[C@H](O)[C@H](O3)CO)Cl,0
SCCN,0
C1(=CC=CS1)[C@@H](OC2=CC=CC3=CC=CC=C23)CCNC,1
[C@@]23(C(=C1C(C4=C([C@H]([C@H]1C[C@H]2[C@@H](C(=C(C3=O)C(=O)N)O)N(C)C)O)C(=CC=C4O)Cl)=O)O)O,0
O=C([C@@H](CS)C)N1[C@H](C(=O)O)CCC1,0
